196|216,-386.87283,66.6678,0
340,-217.26523,87.028206,0
216|196,-325.56012,63.41509,0
212,-145.92548,128.25972,0
222,-147.62209,10.861675,1
211,-197.47308,52.09223,3
23|196,-222.05171,119.47162,0
341,-166.45477,18.416578,1
215,-174.39755,47.121063,0
341|196,-304.04312,81.69609,0
222|196,-261.71686,130.64322,0
22,-71.78466,79.59389,3
217,-180.93365,75.09626,3
84,213.16426,-13.150451,5
83,54.005497,-324.6758,5
61,5.4205837,-90.20632,5
363,79.95649,16.848682,2
369,53.803703,-15.054963,5
365,11.411552,32.682865,2
164,-104.77597,160.96846,0
153,-71.31118,143.84088,0
20,0.5,2.5959318,4
205,15.466118,7.581604,2
339,60.160908,-16.938808,2
202,94.470474,-29.561892,2
16,115.57203,95.17616,2
204,-8.089709,31.750841,2
366,-32.31908,63.28356,3
220,-119.86871,90.22902,3
23,-136.44383,109.95936,3
218,23.556976,57.06306,4
208,-12.113915,70.03798,4
209,-12.01404,51.538475,3
203,-16.296272,31.933561,2
206,44.908356,24.960596,2
207,-3.4391875,27.590837,4
21,38.437637,-11.101416,4
342,-52.52543,85.691444,3
210,8.392995,52.737324,3
278,111.58448,36.843884,5
26,58.990295,31.702198,5
191,-188.0439,141.11519,0
197,16.740622,76.83242,4
223,47.360466,8.453879,5
89,34.14665,-53.519142,5
364,-21.396826,31.341309,5
358,37.00602,-20.58999,5
25,-131.59508,162.15984,0
368,-63.863552,99.7178,3
190,-123.45317,113.57707,0
234,166.42635,-40.717525,5
224,21.49938,11.671404,5
226,9.148151,-24.028845,5
143,-101.61718,82.36996,0
266,29.270931,-13.230206,5
287,62.264572,-98.86673,5
225,74.50543,48.264557,5
140,-88.819016,-28.047068,0
196,-121.99363,46.15487,0
219,89.53773,72.49671,4
199,91.334885,95.58823,4
19,-11.513645,15.064479,4
214,-139.82935,25.892027,1
216,-153.98312,12.42623,3
221,-118.55807,42.62194,1
299,-64.29019,-10.678728,1
163,-136.74931,34.613174,0
155,-80.694496,56.473785,0
181,-99.505295,157.7309,0
158,-76.288155,139.74841,1
162,-91.59719,146.89348,0
233,28.820679,-47.28468,5
200,59.164124,0.40980983,4
142,-73.451324,10.966005,0
367,-40.808487,110.02504,0
159,-80.0925,188.22198,0
375,-93.07385,73.90213,1
156,-95.619156,94.17476,0
180,-156.11282,124.776985,0
157,-101.36035,63.211746,0
160,-95.86504,166.2822,0
213,-84.71362,33.74826,0
201,23.754784,30.36829,2
45,-53.291965,-14.968914,0
192,-151.65556,102.25906,0
178,-135.2328,63.323196,0
190|340,-419.67087,347.30307,0
238,-3.7425191,-40.758484,5
152,-57.21948,70.67359,0
229,65.9548,-134.99687,5
14,8.634125,21.385061,4
149,-65.242584,65.287056,0
370,-14.654314,-9.628874,2
198,18.762735,1.3262714,4
371,-61.37504,43.61148,1
113,61.906868,-8.131371,4
281,5.1438255,-48.948433,5
151,-64.88948,5.0961714,0
29,-95.91063,10.910624,0
27,-68.25271,34.32305,0
221|340,-395.4327,-69.52294,0
182,-62.834023,23.178852,0
157|340,-648.63916,199.12079,0
187,-82.74001,-16.189365,0
183,-123.14412,-63.58797,0
175,-164.84335,-134.22835,0
288,35.449383,-110.41137,5
32,-194.36633,-149.89568,0
148,-173.44818,-157.55426,0
341|340,-467.7081,37.4734,0
193,-305.42792,164.39163,0
278|340,-16.493423,445.6825,0
236,-32.246117,-17.093887,0
373,-161.27937,-89.12611,0
234|340,243.7541,342.77158,0
191|340,-261.6473,234.21617,0
313,-206.64447,-177.21321,0
195,-151.66734,-123.81511,0
372,-110.644775,7.4865527,3
25|340,-493.873,234.32133,0
222|340,-219.73457,-62.16439,3
203|340,-170.89557,-183.66597,2
84|340,224.9826,260.9814,0
214|340,-363.12222,-67.293755,0
367|340,-438.15863,295.0124,0
211|340,-185.28075,123.49423,3
339|340,-90.087685,128.80972,2
153|340,-340.1376,281.70102,0
220|340,-101.87243,188.2972,3
178|340,-639.7008,217.34242,0
163|340,-483.5037,414.4283,0
181|340,-549.9376,388.23688,0
158|340,-539.67316,207.75343,1
196|340,-394.54202,194.40167,0
20|340,-424.9209,-276.4634,0
204|340,-156.6481,-261.83884,0
143|340,-601.1735,264.73325,0
164|340,-385.07297,387.473,0
19|340,-364.95737,478.06232,0
83|340,-441.9652,-251.56964,0
217|340,-193.86937,112.44125,3
364|340,-704.0629,202.37354,0
369|340,-718.42126,51.790928,0
180|340,-641.4719,304.62534,0
160|340,-432.111,545.18646,0
159|340,-686.882,68.032616,0
192|340,-703.59296,401.08096,0
162|340,47.741306,462.22134,0
223|340,-23.192669,-215.70409,0
23|340,-108.407684,137.21432,3
152|340,-488.86902,-327.893,0
219|340,-525.35785,304.25735,0
208|340,-519.5267,-194.57214,0
342|340,-173.29567,81.29285,3
368|204,-84.11923,314.77466,2
215|22,-349.2643,140.22725,3
341|22,-379.64072,28.502668,3
84|22,343.4965,60.293365,3
234|22,314.13818,192.29427,3
213|22,-452.5468,467.9124,3
83|22,272.06366,62.731762,3
196|22,-542.59033,46.122055,3
214|22,-437.21524,-70.6361,3
367|22,-225.31676,399.06073,3
19|22,-60.40792,-255.25584,4
221|22,-459.82883,102.86494,3
368|22,-103.74403,-48.582718,3
222|22,-271.17737,149.43396,3
217|22,-135.52298,135.63695,3
210|22,25.005093,163.12152,2
209|22,-143.48636,-21.003056,4
216|22,-377.71478,17.515379,3
220|22,-116.00058,-48.647774,3
278|22,299.92102,401.9269,3
223|22,342.4629,367.5805,3
21|22,45.28917,149.80017,3
23|22,-18.093277,153.2649,3
28,-274.5647,255.75136,0
241,7.967651,-70.07713,5
141,-229.09392,-256.0138,0
234|217,216.85849,234.705,3
299|217,-650.0391,-288.4229,3
83|217,36.812294,-84.8987,3
199|217,-21.827969,430.10767,3
84|217,92.29257,186.17577,3
66,-266.71756,-20.98215,1
161,-31.557398,5.6010756,1
209|217,-136.07733,-49.873024,4
196|217,-336.36218,208.34814,0
367|217,-433.24002,256.5415,3
19|217,2.4555838,348.22623,3
164|217,-291.96326,387.13376,3
158|217,-432.71634,73.56045,3
191|217,-305.91754,257.9808,3
210|217,-117.97883,199.72337,3
16|217,-24.300343,-354.68262,3
20|217,-83.92011,-80.63696,4
219|217,-286.18704,-5.313197,4
197|217,-81.61827,416.80804,3
212|217,-142.91426,191.94318,3
180|217,-476.2359,230.31088,3
218|217,-248.45947,-140.85127,4
204|217,-296.72015,-358.6506,3
221|217,-155.2476,-148.05469,1
342|217,-68.008224,131.52081,3
340|217,-136.4964,196.37056,3
339|217,-193.40553,-121.046906,2
153|217,-203.58699,523.5237,3
159|217,-476.68982,449.9157,3
364|217,-312.34595,-475.23984,3
162|217,-580.15186,97.60001,3
23|217,-131.74931,-25.677265,3
216|217,-141.7112,-57.73449,0
363|217,77.38771,143.84164,2
22|217,-202.5953,89.828674,3
21|217,60.552807,135.5781,3
278|217,77.11188,479.75174,3
220|217,-184.69516,1.3584251,0
178|217,-122.78687,541.62524,3
211|217,-210.30942,-27.269112,3
202|217,-44.839542,-334.3474,3
215|217,-474.30933,8.015039,3
25|217,-691.5085,142.93481,3
223|217,167.39784,-200.99594,3
200|217,-659.11523,-251.81685,3
340|207,-301.32025,223.7469,4
191|212,-280.68167,336.42172,0
341|212,-356.35602,59.662872,1
216|212,-271.87198,123.83692,3
190|212,-479.4498,583.25397,0
84|212,294.71054,306.898,0
221|212,-451.60046,46.459076,0
214|212,-416.17807,-1.548967,0
222|212,-300.38736,23.913673,0
234|212,342.20602,318.86255,0
203|212,317.8849,183.87288,0
367|212,-116.87127,281.97638,3
215|212,-450.25302,179.37831,0
196|212,-338.72247,152.14122,0
218|212,-372.22626,-37.37782,0
339|212,-143.14578,54.25167,2
20|212,-223.536,-193.05145,0
164|212,-322.65985,627.0084,0
223|212,187.71965,370.5452,0
180|212,-548.2326,529.33844,0
153|212,-333.8141,637.74023,0
278|212,116.52276,509.07516,0
159|212,-566.64374,361.43344,0
158|212,-569.30676,-92.971924,0
208|212,83.59828,394.6227,0
25|212,-486.6181,505.01364,0
16|212,23.955467,-386.99283,0
163|212,-490.41574,645.63666,0
162|212,106.71672,730.1362,0
83|212,174.47334,-263.94516,0
192|212,-191.58116,440.16306,0
23|212,-125.0041,-9.821724,0
202|212,-33.083817,399.52634,0
363|210|363,-399.2842,553.9711,4
210|363,-108.794624,148.04749,4
83|210,88.21444,-42.146843,5
84|210,106.07719,49.99827,5
234|210,128.80316,64.95383,5
215|210,-244.53256,17.881706,3
21|210,76.42067,96.18238,4
220|210|363,15.142931,431.01578,4
178|84,666.53864,-141.62141,5
160|84,674.8357,-2.181092,5
17,111.30318,-88.633316,2
234|84,216.96025,67.81643,5
253,332.95667,-283.73975,5
233|84,697.5896,25.011465,5
217|84,62.858604,237.18971,5
23|84,58.21864,169.51987,3
232,83.03089,-124.38512,5
277,326.59796,-296.999,5
369|84,469.2523,7.257668,5
223|84,387.7289,8.245253,5
340|84,46.458023,161.51418,5
25|84,563.3708,69.6309,5
83|84,161.80147,-50.04556,5
364|84,672.7163,-79.04187,5
191|84,684.72906,56.002316,5
208|84,289.75125,80.32467,5
225|84,669.809,-99.18958,5
275,357.744,-476.56824,5
156|84,668.4336,-159.70078,5
197|84,627.09845,77.56016,5
244,350.91486,-396.54,5
272,342.5759,-334.51315,5
190|84,578.6194,-72.87852,5
266|84,676.612,19.174047,5
211|84,100.099884,-123.13391,5
224|84,652.139,161.16711,5
180|84,682.9062,-133.51942,5
164|84,698.9291,1.489531,5
252,152.74217,-187.02458,5
230,151.31512,-232.73299,5
158|84,670.03235,-33.654472,5
163|84,698.8345,-55.33853,5
192|84,692.2497,-91.08618,5
212|84,110.52176,208.70741,0
203|84,218.61728,-80.63231,5
143|84,669.3688,-117.87788,5
40,216.20511,-240.12709,5
229|84,686.3631,37.74843,5
368|84,133.49109,318.70743,5
342|84,156.04776,73.37689,5
149|84,658.93036,-185.05602,5
181|84,689.96204,-40.736023,5
26|84,681.976,-19.243435,5
157|84,366.22903,-438.38416,5
278|84,321.39645,-120.968956,5
22|84,169.82265,250.20456,5
153|84,694.96045,-72.59984,5
222|84,20.959967,-67.486824,5
220|84,129.70224,145.28851,5
226|84,701.8801,-26.157267,5
314,-68.44918,-306.9573,5
250,292.9374,-319.9283,5
273,319.85092,-412.281,5
174,-36.198685,-205.06789,0
98,211.96936,94.18833,4
206|84,671.9709,-58.536243,5
49,342.346,-490.262,5
16|84,584.6995,-200.2712,5
209|84,433.95682,65.25921,5
366|84,200.35835,114.581665,5
199|84,468.25943,120.403694,5
210|84,220.84265,39.596336,5
20|84,229.64136,89.86877,5
339|84,378.71625,-40.127995,5
365|84,222.9975,24.474863,5
205|84,282.59433,10.121458,5
221|84,238.46637,166.34352,1
358|84,245.82909,-115.11198,5
216|84,84.38228,-412.38986,5
215|84,272.17108,-371.61615,5
341|84,107.40355,-270.45926,1
128,204.8169,-185.94518,5
4,453.826,596.2739,5
281|84,689.3464,-112.18579,5
207|84,342.49197,-85.14156,5
30,99.997986,-933.24036,5
234|83,221.52615,-9.064956,5
29|83,284.96674,-722.40753,5
364|83,6.9893684,-751.701,5
220|83,56.7692,-41.453762,3
27|83,114.07232,-720.02795,5
203|83,156.42258,-307.41306,2
180|83,294.9514,-683.49786,5
20|83,134.2429,-121.53089,5
339|83,123.34449,-193.72926,2
222|83,-25.682344,-176.4276,5
210|83,106.84435,-68.45335,5
340|83,-91.44015,-100.174805,3
342|83,0.034321547,-105.883766,5
84|83,148.75252,-73.622894,5
365|83,51.74127,-131.02905,5
170,36.91981,-769.42065,5
355,11.256079,-730.9809,5
228,81.12182,-252.3618,5
124,187.1276,-87.21674,2
152|83,236.09818,-698.2208,5
360,106.34538,-17.287563,2
246,321.21167,-504.9552,5
235,9.616927,-119.04071,0
212|83,-60.95801,-183.23729,0
238|83,216.98944,-733.5399,5
37,268.959,-715.0352,5
186,-127.388,-521.3491,5
164|83,139.13968,-774.2375,5
178|83,-132.64801,-689.67993,0
153|83,323.73145,-686.01056,5
129,119.42256,-125.885735,4
182|83,249.00113,-717.5706,5
44,7.947112,-320.45096,5
190|83,-160.43222,-711.96515,5
266|83,310.73016,-702.3776,5
26|83,169.16132,-709.5784,5
145,-143.56628,-529.1235,5
110,205.87357,-102.98341,2
194,-114.35691,-550.2098,5
162|83,93.435776,-795.15796,5
168,227.80295,-764.9696,5
242,431.87158,-370.042,5
352,21.322104,-779.2425,5
99,128.81615,-79.06197,4
47,105.430145,-198.63425,5
192|83,172.27095,-729.7472,5
231,193.63988,-733.4653,5
262,54.805668,-791.00824,5
226|83,-95.2016,-740.02734,5
144,-145.31372,-514.28424,5
257,224.33998,-711.01135,5
279,469.57822,-491.0862,5
369|83,-5.6104865,-761.54956,5
381,-141.0326,-364.92673,5
223|83,225.87184,-567.0576,5
236|83,7.1189923,-791.05,5
156|83,258.5195,-689.4953,5
254,-43.395447,-743.1048,5
240,439.398,-543.01105,5
146,196.76501,-699.01154,5
23|83,-70.65866,-113.656,5
60,-91.13651,-121.74505,0
151|83,454.50583,-544.60803,5
130,207.8565,-272.14746,4
249,277.46408,-695.5111,5
217|83,-17.870432,-145.50522,3
38,177.763,-769.33264,5
166,272.24463,-739.09827,5
184,204.10374,-713.9558,5
45|83,146.09772,-712.52954,5
368|83,-122.83429,-233.49614,3
224|83,73.20683,-794.65686,5
158|83,67.39321,-775.5832,5
160|83,275.21417,-97.97101,5
149|83,-46.023506,-769.6208,5
157|83,254.21129,-745.757,5
211|83,-108.93913,-146.443,3
278|83,227.04158,-396.6565,5
251,335.1731,-404.5325,5
22|83,99.61357,-94.564255,5
259,343.31403,-669.50494,5
143|83,-189.23735,-691.7611,5
181|83,41.744038,-728.3084,5
225|83,208.34814,-773.4365,5
204|83,169.19508,-274.53372,2
159|83,149.02312,-731.0321,5
169,-162.66968,-516.61194,5
261,148.46907,-754.10034,5
25|83,153.06538,-785.6666,5
208|83,141.65828,-263.8233,4
280,-132.65968,-725.874,5
239,239.42087,-750.68866,5
229|83,129.1026,-795.30023,5
341|83,-210.35075,-276.15714,3
281|83,192.568,-767.1829,5
191|83,-188.44975,-489.97693,5
163|83,35.865067,-793.31024,5
263,-61.732986,-757.54755,5
62,32.056652,-210.3362,5
34,-170.13602,-333.2395,1
173,107.881226,-500.5952,5
357,289.15152,-379.3373,5
42,170.65486,-589.6712,5
213|83,88.77081,-720.47577,5
375|83,86.20298,-758.81323,5
248,289.31442,-527.99554,5
315,28.383083,-748.26733,5
221|83,-82.69867,-549.8127,1
260,127.70872,-730.707,5
167,298.8443,-716.4704,5
388,-9.950977,-784.6632,5
3,-282.68875,-819.9701,5
216|83,-218.18059,-362.02322,3
207|83,131.12619,-174.21155,4
154,379.72678,-634.85266,5
351,-28.293118,-774.95526,5
127,684.91345,-390.18344,5
255,63.73195,-728.60547,5
233|83,238.2584,-501.43222,5
155|83,171.36366,-786.0305,5
41,128.53328,-755.0035,5
276,122.3459,-316.3845,5
218|83,104.36106,-313.0247,4
258,-26.668541,-753.0043,5
358|83,295.92947,-624.84467,5
150,168.47224,-751.7934,5
147,-105.78578,-526.1136,5
366|83,84.67804,-76.20025,5
215|83,37.25397,-535.21277,5
374,235.6012,-729.6141,5
39,95.04557,-739.2283,5
21|83,68.11935,-79.773155,5
387,113.50555,-783.1553,5
227,68.222046,-752.4246,5
142|83,431.8924,-569.8711,5
16|83,205.78757,-527.3052,5
209|83,51.73682,-145.19345,5
206|83,49.73861,-754.3728,5
256,-15.033415,-738.27954,5
205|83,89.88437,-152.61073,2
245,312.12067,-521.1964,5
97,238.5884,-247.25566,4
363|83,117.941635,-145.1207,5
177,205.04974,-748.19226,5
50,298.9095,-510.89014,5
51,271.64825,-530.5266,5
285,109.33958,-758.2555,5
94,698.7644,-306.57153,5
370|83,95.18675,-774.0861,5
214|83,-234.27495,-546.1149,5
83|363,75.84825,-50.71077,5
364|363,270.22232,-161.31462,2
115,102.92995,139.11116,2
12,313.19144,3.5093815,2
341|363,-195.05313,177.45486,2
369|363,309.52292,-137.99124,5
216|363,-161.9717,219.75009,2
199|363,173.43587,-326.58994,2
362,660.28485,330.66125,2
223|363,316.9723,-34.77016,5
84|363,183.4184,36.30391,5
234|363,154.45541,21.24432,2
278|363,406.7129,17.673069,5
214|363,-266.50482,-244.92967,2
196|363,-124.7781,328.75302,2
215|363,-235.28693,268.70087,2
16|363,309.80505,-206.9886,2
367|363,-23.339746,345.4542,2
233|363,97.26921,-323.2223,2
221|363,47.47664,336.46503,2
222|363,-173.41937,-85.97794,2
366|363,8.874326,129.37305,3
204|363,53.068542,94.81006,2
158|363,-271.19952,-293.82776,2
208|363,76.817535,164.44055,4
342|363,41.81341,113.321465,2
224|363,164.35754,-525.81146,2
213|363,-84.19822,516.0332,2
358|363,444.16272,-8.788179,4
191|363,-371.71512,-278.964,2
205|363,-80.78174,-9.556633,2
278|369,427.71912,-103.92926,5
224|369,505.1173,-162.02838,5
205|369,258.2844,-3.756084,5
233|369,149.02527,-361.4602,5
342|369,251.24492,-387.49316,5
365|369,262.52414,-31.006056,5
223|369,444.1494,-57.763916,5
363|369,234.32875,-138.57275,5
21|369,220.25803,297.26886,5
84|369,498.42987,133.18619,5
210|369,39.6935,-301.31274,5
20|369,476.7452,146.32288,5
209|369,340.7466,-379.91064,5
234|365,142.31937,-93.9619,5
215|365,-378.07068,-140.41254,2
83|365,118.926544,-58.869366,5
210|365,-150.39578,-0.44753146,3
341|365,-343.89273,-107.9553,2
84|365,134.33006,-5.5941963,5
278|365,280.24832,-220.78668,2
223|365,470.0869,-23.729555,2
222|365,-233.09705,-58.555515,2
216|365,-255.31686,347.1436,2
221|365,-260.22946,-306.7445,2
367|365,-85.93741,363.25253,2
214|365,-348.34235,-136.80408,2
366|365,-93.99749,-75.42948,0
196|365,-438.3544,142.70381,2
340|365,-212.48756,43.76938,2
342|365,-110.03548,-64.31132,3
19|365,427.70197,-181.75818,2
369|365,484.65582,254.17816,2
203|365,162.36488,134.48997,2
202|365,256.4199,-365.82782,2
220|365,17.07409,180.75102,3
363|365,19.895254,-47.71176,2
16|365,449.56796,-255.15526,2
83|220,318.84616,135.81633,3
220|234,128.2816,122.25308,5
84|234,197.34161,91.84869,5
342|234,190.09157,78.20826,5
207|234,375.92206,88.79705,5
365|234,246.6711,34.941475,5
20|234,373.23856,-7.15967,5
366|234,162.32535,102.48085,5
22|234,214.66072,154.29805,5
83|234,195.2899,-36.458405,5
222|234,42.360794,62.605415,5
210|234,230.65413,57.577114,5
25|190,-506.392,542.5615,0
191|25,-351.15155,325.62286,0
190|191,-387.9582,373.82962,0
212|191,-326.4037,275.666,0
340|191,-344.52032,266.7738,0
192|191,-444.29785,406.7257,0
25|191,-378.62195,274.17728,0
143|191,-443.92328,373.3279,0
340|164,-267.84598,455.87823,0
211|164,-459.44138,502.07755,0
181|164,-180.9256,426.69925,0
215|164,-223.31346,305.68057,0
160|164,-200.85057,608.94666,0
162|164,-160.83493,545.69867,0
159|164,-304.70435,737.1004,0
222|164,-595.7231,236.0422,0
215|153,-170.8923,369.87317,0
340|153,-223.30132,328.26468,0
164|153,-128.90019,634.2889,0
163|153,-57.82184,640.0688,0
191|153,-279.9745,493.89667,0
208|341,-111.31362,477.56198,1
221|20,-364.75766,-250.16154,4
223|20,435.24976,-37.99665,4
234|20,190.90373,7.221067,5
278|20,224.03725,-415.90558,4
202|20,429.91623,113.09183,4
197|20,185.19955,131.37268,4
83|20,56.905853,-68.290726,5
196|20,-458.18942,-145.97374,4
341|20,-350.0698,-44.578438,4
101,279.04968,-290.15707,4
214|20,-364.65393,-118.19404,4
84|20,145.00325,14.906988,5
215|20,-408.1637,-85.55393,4
340|20,-201.51344,18.339087,4
16|20,333.92612,-230.45006,4
216|20,-330.8087,4.253166,4
200|20,-77.24638,-439.52777,4
369|20,391.62357,109.25487,4
365|20,-131.73994,-94.49672,2
212|20,-269.20908,-116.46249,4
222|20,-263.34222,-68.07772,1
199|20,248.05695,202.3385,4
21|20,82.77522,64.436905,3
363|20,-61.263496,-49.443573,2
201|20,97.45827,488.7964,4
217|20,-163.3568,9.313149,3
207|20,122.29264,53.726833,4
203|20,-27.607742,-88.42559,2
368|20,-209.83449,0.9987981,3
339|20,161.66998,33.950916,2
339|17,234.35782,-462.8372,2
222|205,-156.98254,-52.51549,2
341|205,-292.58188,-98.611694,2
340|205,-172.17587,158.5338,3
278|205,530.764,56.679295,2
221|205,-284.25293,272.79718,2
223|205,417.32623,-53.23601,2
211|205,-139.30464,299.2305,2
369|205,529.4764,22.368181,2
84|205,189.691,53.02491,5
83|205,150.93137,-136.45392,2
212|205,-199.35512,-93.380196,2
234|205,170.08972,0.48376775,2
216|205,-356.28903,-179.26665,2
196|205,-494.54785,-190.93292,2
214|205,-310.02878,-229.6391,2
367|205,-88.356384,348.99402,2
197|205,414.37076,213.88281,2
215|205,-396.45163,-114.35588,2
365|205,-94.70933,-56.07892,2
210|205,-52.795128,-77.60415,3
219|205,20.037565,-419.16962,2
363|205,62.12458,76.7046,2
209|205,87.75177,243.78813,3
20|205,-122.00032,-113.16267,2
368|339,-132.88226,-268.14914,2
23|339,-218.91556,-39.93367,2
84|339,229.13335,-60.81074,2
83|339,241.72972,-203.92116,2
217|339,-120.01972,-152.97217,2
112,414.37488,83.60069,2
120,243.19592,-269.39984,2
340|339,-319.2227,-123.061905,2
137,261.20346,45.9954,2
211|339,-249.0314,-54.713448,2
234|339,333.6846,-150.06113,2
220|339,-112.48441,258.41837,2
222|339,-167.4594,-196.05956,2
212|339,-186.30478,-63.605255,2
201|339,318.47827,70.27405,2
199|339,221.6804,-132.1357,2
214|339,-336.8291,-177.49129,2
221|339,-314.50977,-168.15471,2
197|339,382.57877,137.33487,2
117,406.54846,110.691925,2
205|339,25.894411,138.89633,2
131,440.37262,-309.7373,2
125,201.37459,656.0468,2
138,-491.72635,-434.95416,2
123,462.79578,-292.59918,2
134,572.43353,-423.21902,2
363|339,-84.46983,17.626232,2
341|339,-187.32726,-445.19635,2
216|339,-398.97897,-306.5361,2
342|339,52.500393,207.01477,2
201|202,373.2527,182.18933,2
200|202,579.66345,118.434814,2
366|202,458.13895,-114.753716,2
21|202,135.07985,-235.026,2
210|202,142.23042,268.0235,2
342|202,-9.038746,-119.46458,2
19|202,216.43015,-211.8748,2
365|202,169.87413,-115.61368,2
217|202,418.31097,-195.33351,2
209|202,146.93022,163.99855,2
20|202,242.15968,120.7471,2
340|202,-130.00478,-386.63147,2
208|202,463.69482,-261.06943,2
23|202,-123.568794,-428.1964,2
363|16,122.526985,155.00874,2
21|16,218.70755,137.2975,2
19|16,271.607,167.59395,2
209|16,319.0007,420.70605,2
114,469.6905,170.62486,2
20|16,209.76814,185.30426,2
210|16,331.5919,478.78946,2
342|16,337.1922,-37.09963,2
204|16,371.8947,61.32462,2
208|16,422.2165,7.9262333,2
205|16,240.48233,138.54686,2
201|16,329.2555,126.54327,4
200|16,464.09592,363.3941,2
199|16,467.0793,423.5121,2
207|16,390.15985,448.06113,2
211|204,-142.34781,261.73975,2
340|204,-190.97348,316.28076,2
278|204,311.06415,-350.05353,2
212|204,-262.32666,44.826538,3
84|204,284.07504,-42.33877,5
213|204,-335.72885,-335.89758,2
223|204,420.98462,-75.93212,2
222|204,-140.90132,231.34908,2
83|204,264.93237,-180.26375,2
23|204,-290.14,146.83357,2
234|204,254.94861,73.94647,2
221|204,-379.88916,-165.37338,2
367|204,-11.557072,519.882,2
216|204,-521.3421,-175.15892,2
16|204,403.55786,-89.87874,2
217|204,-120.12942,309.35904,2
22|204,-100.6937,443.39505,2
341|204,-319.3957,-379.262,2
363|204,-43.297714,155.65746,2
215|204,-484.9479,-85.67427,2
206|204,71.33809,-390.63544,2
212|207,-168.77812,335.06525,4
84|366,143.50871,118.80426,5
278|366,445.36,292.11707,3
222|366,-153.82025,166.76088,2
215|366,-361.645,37.176937,3
234|366,147.36111,101.643105,5
196|366,-436.369,-95.223495,3
216|366,-255.37206,207.84099,3
341|366,-323.43866,46.707817,3
83|366,142.66435,62.957077,5
367|366,20.321348,391.14795,3
214|366,-340.22824,-49.859985,3
213|366,-470.63126,-56.172726,3
205|366,-11.1657295,187.24431,2
369|366,461.7544,258.50125,3
221|366,-280.11603,362.56638,3
340|366,-67.65791,242.59967,3
19|366,168.36206,380.7085,3
364|366,359.1291,-295.10922,3
220|366,-4.0282645,140.25885,0
16|366,453.63974,-171.6779,3
22|366,-125.89817,-83.781685,3
342|366,8.06622,151.49152,3
366|220,-90.986145,19.112602,2
216|220,-331.35754,21.50684,3
223|220,-488.74756,6.3902206,3
84|220,204.72096,170.6377,3
196|220,-343.95258,37.96234,0
215|220,-311.66928,149.83206,3
341|220,-248.48677,170.18071,3
234|220,319.6175,213.07353,3
222|220,-134.62022,84.56836,3
214|220,-371.3932,215.59637,3
207|220,66.05801,407.41013,3
221|220,-477.4232,123.87645,3
213|220,-624.49634,268.05768,3
158|220,-619.38904,-28.724377,3
342|220,-160.95854,97.27476,3
339|220,26.657228,458.05322,3
363|220,99.993286,163.41711,2
22|220,8.235175,187.56229,3
205|220,-28.474674,-129.48286,2
210|220,-81.58867,-67.98132,4
340|220,-96.90356,148.3923,3
23|220,-173.78592,9.896548,3
191|220,-610.35895,322.10394,3
212|220,-102.86705,125.846565,3
363|203,3.8573384,148.58214,2
342|363|203,213.46086,395.5328,2
20|363|203,195.50168,530.37195,2
84|23,253.42688,183.23708,3
234|23,197.18028,235.68073,5
210|23,-102.81152,-71.91384,4
215|23,-228.45532,176.03867,3
196|23,-283.03046,203.34988,3
340|23,-106.13637,-84.53797,3
218|23,-150.54742,572.2862,3
366|23,-6.6954846,176.5943,3
19|23,-277.3355,-230.8759,3
367|23,-258.65375,562.31256,3
217|23,-168.52556,34.44087,3
191|23,-558.6853,34.195335,3
22|23,-166.51146,-27.231176,3
83|23,331.10968,96.53246,3
220|23,-40.076378,189.3833,3
158|23,-542.36755,257.1787,3
209|23,-32.450672,217.30673,3
221|23,-521.2315,-34.486065,3
178|23,-374.6714,495.58478,3
223|23,167.10512,478.34534,3
164|23,-527.36365,-47.30599,3
342|23,-69.293304,-62.866516,3
100,343.80377,282.84583,4
365|218,175.38535,223.42433,4
220|218,29.428709,440.11063,4
210|218,62.55253,-189.90251,4
366|218,25.701944,317.43887,4
340|218,-247.50664,370.98126,4
217|218,-256.84155,20.274881,4
234|218,513.3493,182.76605,4
221|218,-447.64352,350.2724,4
22|218,-23.368906,319.32672,4
368|218,-132.90446,388.84683,4
197|218,183.77368,-138.69165,4
201|218,233.51805,-173.46173,4
83|218,585.2713,192.49791,4
113|218,-181.18661,-355.50357,4
211|218,-430.3214,360.7569,4
84|218,415.86005,361.11215,4
202|218,73.75301,-271.08548,2
23|218,-519.19495,-13.241682,4
212|218,-518.9076,4.9965343,4
84|208,334.72958,34.946007,4
222|208,-217.72672,200.85416,4
341|208,-386.59332,-22.755856,4
205|208,34.667355,201.47316,2
223|208,443.8331,320.18155,4
340|208,-247.28163,246.00948,4
211|208,-253.4182,-78.70905,4
216|208,-379.48282,182.67538,4
234|208,372.62488,48.0081,4
212|208,-380.89862,-5.3040895,4
199|208,267.11465,204.60107,4
221|208,-400.7698,-51.81876,4
83|208,294.19223,-176.19171,4
220|208,-85.34999,257.49667,4
202|208,446.89496,254.85077,4
214|208,-216.34895,419.5334,4
16|208,321.22186,-101.478355,4
23|208,-312.97366,-39.956924,4
201|208,145.46307,518.7657,4
218|208,144.88113,-83.23275,4
366|208,-51.156628,-199.24753,4
197|208,232.99588,207.9764,4
209|208,-91.640274,-46.46067,3
215|208,-421.86432,450.0261,4
217|208,-20.966167,-30.943666,3
21|208,-4.9401875,109.70755,3
216|209,-335.4516,-10.126105,3
341|209,-320.34106,-94.630196,3
202|209,297.64215,112.63423,3
83|209,73.03179,-93.15083,5
84|209,126.56981,-26.259958,3
201|209,270.3239,-11.046475,3
16|209,206.22725,204.63902,3
234|209,168.7138,-67.38345,3
223|209,398.8366,50.41043,3
196|209,-296.89682,-12.026522,0
369|209,404.44998,-248.85872,3
340|209,-332.73804,97.51769,3
197|209,171.39627,163.64545,4
199|209,240.61281,239.29712,4
215|209,-234.57477,-30.90622,3
21|209,-13.252271,-51.53228,3
367|209,-463.76138,23.638554,3
278|209,301.00012,420.94293,3
217|209,-132.53369,123.71365,3
363|209,53.973415,143.08026,2
342|209,-29.33489,119.211876,3
208|209,63.948753,11.768864,4
368|209,-20.010565,63.47924,3
25|209,-540.032,-137.31052,3
191|209,-230.19995,460.02203,3
213|209,-337.70596,380.9718,0
20|209,5.829538,111.83786,4
212|222,-309.84082,130.6575,1
204|222,38.67396,-259.11935,1
203|222,61.21725,-294.50876,1
205|222,120.84441,289.1589,1
367|222,-617.94495,84.939964,1
84|222,197.01122,-137.59822,1
365|222,-7.8482094,-159.75427,2
234|222,271.98547,93.7143,1
20|222,126.92668,202.35318,1
220|222,-199.58183,-32.109035,1
339|222,-25.55703,-248.90994,1
366|222,-67.73853,-146.91599,1
22|222,-52.978172,304.2485,1
210|222,-196.46031,-215.74234,3
363|222,-4.5793095,-223.0302,1
208|222,-390.1997,-357.33112,1
221|222,-213.12808,55.59676,1
158|222,-328.36035,342.55777,1
83|222,182.19626,-331.86792,1
213|222,-576.0301,-29.383749,1
214|222,-214.50957,-141.88086,1
160|222,241.86816,395.07507,1
191|222,-529.9271,-303.5315,1
207|222,-416.4941,-338.85794,1
180|222,-606.85376,-167.6768,1
207|211,-414.5447,426.8375,3
204|211,86.447464,366.26575,3
196|211,-367.47998,123.26423,0
339|211,-149.03862,-173.40071,3
234|211,304.60596,291.64996,3
84|211,-10.962646,-245.27475,3
209|211,-225.6779,-20.549541,4
191|211,-438.00815,119.43184,3
158|211,-550.2046,-27.052073,3
218|211,-447.33267,-16.88333,3
25|211,-571.8186,160.22743,3
217|211,-189.07797,78.69218,3
16|211,-226.38159,-406.3144,3
190|211,-575.58,217.56265,3
83|211,-157.47171,-305.3559,3
180|211,-728.4692,332.79022,3
164|211,-410.81424,472.04395,3
367|211,-482.43332,-24.976837,3
181|211,-652.9808,174.14963,3
153|211,-691.0177,-19.390415,3
368|211,-181.66124,-14.320366,3
192|211,-628.5662,134.24484,0
340|211,-147.17801,-42.810036,3
210|211,-186.14693,36.49301,2
178|211,-764.8535,227.17969,3
339|203,-20.366306,-80.84831,2
340|203,-310.8603,190.05858,2
368|203,-403.63525,407.00653,2
234|203,316.88043,49.852985,2
222|203,-379.42847,-56.903797,2
221|203,-411.90054,-133.12852,2
84|203,287.7873,-141.92262,2
211|203,-301.94186,54.145126,2
212|203,-407.34418,105.495255,2
216|203,-468.578,200.26198,2
209|203,78.32716,268.2527,2
214|203,-312.67123,273.57913,2
341|203,-397.28827,-224.92168,2
215|203,-451.8713,-291.06198,2
367|203,-525.7072,-86.01632,2
21|203,63.977737,112.25813,3
23|203,42.606148,313.41208,2
83|203,373.15497,-207.35703,2
206|203,9.014885,-349.65543,2
342|203,-77.625046,176.0076,3
220|203,-154.19868,319.09436,2
363|206,43.670967,-163.94737,2
204|206,269.95743,122.46255,2
203|206,355.96884,-82.55288,2
339|206,260.63687,-191.88509,2
342|206,199.37589,-68.27656,2
210|206,149.51207,245.77525,2
366|206,204.69786,295.7184,2
365|206,284.49704,126.07914,2
207|206,478.74112,-111.98232,2
21|206,232.08086,-79.93845,2
20|206,364.5725,165.43436,2
83|207,316.01184,-186.61563,4
234|207,367.34793,-29.692553,4
22|207,-39.382973,342.52527,4
84|207,361.88904,-62.73997,4
366|207,13.148695,-146.8389,4
211|207,-290.13937,100.20925,4
202|207,415.40588,-268.23047,4
23|207,-170.59581,229.0993,4
221|207,-377.28403,154.42155,4
220|207,-115.520874,225.9272,4
214|207,-167.34196,408.62296,4
222|207,-94.170265,491.0991,4
215|207,-364.9667,-348.46957,4
197|207,20.5869,-436.59003,4
201|207,374.5514,295.15076,4
216|207,-551.8389,170.47032,4
203|207,82.22759,181.9793,2
341|207,-503.24832,-213.09059,4
83|21,96.941315,-104.58477,5
234|21,145.09746,-8.199639,5
214|21,-251.93361,-177.06729,4
196|21,-310.28363,107.88351,4
202|21,192.04443,-233.08461,4
84|21,137.99503,-28.066391,5
16|21,234.33293,-30.005772,4
342|21,25.871756,116.722595,3
367|21,8.853621,329.02783,4
215|21,-54.710953,160.41008,3
223|21,176.38245,-91.664085,5
199|21,-127.45642,-225.08812,4
278|21,372.633,-118.6573,4
364|21,205.9164,-324.2817,4
299|21,-178.7537,-309.93613,1
341|21,-206.34048,-246.7946,4
340|21,-104.83566,306.81314,4
158|21,-332.39404,-195.11299,4
358|21,324.54022,-7.9794393,4
365|21,-81.575134,-37.89313,3
369|21,255.12405,-239.81891,5
197|21,299.58408,232.86203,4
368|21,-70.117195,-38.39876,3
217|21,-82.28426,213.82275,4
207|21,-33.291286,-151.14397,4
222|21,-55.522205,182.65422,3
224|21,-57.772755,494.31677,4
210|21,-52.826607,-39.292923,3
23|21,-59.071053,205.35577,3
201|21,535.8021,231.97574,4
209|21,-69.72456,-25.517586,4
234|342,135.95834,33.60545,5
83|342,49.774315,-32.32313,5
197|342,186.91182,256.84836,3
223|342,391.0593,80.96582,3
84|342,144.47533,52.076927,5
369|342,431.3713,30.693144,3
278|342,430.33908,151.84554,3
16|342,283.81845,185.50417,3
213|342,-297.68576,539.0546,3
367|342,-391.61737,-126.00512,3
23|342,-21.548592,137.97127,3
363|342,38.957558,120.54188,2
196|342,-203.07884,204.94745,0
299|342,-261.75186,420.986,3
199|342,208.75423,320.63696,4
209|342,0.124135494,-8.404795,3
191|342,2.0830028,525.73584,3
364|342,183.92697,-357.6245,3
206|342,309.0746,264.99792,2
214|342,-110.00707,-127.86886,1
215|342,-323.83405,193.51967,3
211|342,-78.0177,105.70884,3
25|342,-615.8049,75.00119,3
217|342,-46.319294,61.904335,3
201|342,-38.735554,552.5342,3
21|342,43.203808,81.18022,4
340|342,-77.4077,120.37871,3
190|342,-410.4679,487.63583,3
220|342,-114.286064,-82.772194,3
366|342,-44.370193,214.22943,2
202|342,321.71582,373.34967,3
181|342,-449.9772,581.1962,3
214|210,-119.64509,371.74374,3
221|210,-330.23257,-106.70396,3
278|210,498.67313,211.49713,3
341|210,-290.9922,-48.052345,3
196|210,-401.13156,130.77498,3
203|210,28.821012,-121.23269,2
358|210,394.13013,-123.84681,5
366|210,-37.454517,129.76942,3
367|210,-56.519154,334.36844,3
16|210,475.36737,-188.6091,3
216|210,-275.91516,-80.916245,3
220|210,-59.79823,193.26779,3
213|210,-551.97125,-76.940285,3
364|210,252.34163,-335.2583,3
223|210,508.37326,168.4078,3
369|210,317.744,335.89676,3
158|210,-518.99554,114.31502,3
342|210,-33.24267,-44.60378,3
363|210,66.31674,117.91723,2
208|210,-38.09777,-119.20493,4
23|210,-201.09329,-15.438492,3
211|210,-22.76304,196.14392,3
363|366|220,-268.77887,-399.71994,2
220|366|220,75.43245,-329.57156,2
21|366|220,-382.06805,-297.32214,2
217|234,89.52167,226.31633,5
223|234,412.97668,-30.038717,5
209|234,331.47543,-121.012634,5
341|216,-285.58316,45.48837,3
342|339|203,-337.19095,-254.37447,2
210|339|203,-288.8242,-412.14145,2
224|226,463.1872,-224.52347,5
369|224,518.9869,-74.204414,5
233|278,312.367,-225.66982,5
205|278,348.09183,1.7058661,5
369|278,491.90253,15.11665,5
365|278,101.25024,-141.9417,5
223|278,296.61877,25.309015,5
21|278,315.86856,30.468695,5
210|278,309.59555,-302.40927,5
212|278,38.651463,500.05832,5
84|278,269.62973,-68.80943,5
234|278,444.11664,-276.2308,5
342|278,522.61194,47.06255,5
20|278,401.49942,157.4115,5
366|278,169.82559,425.50674,5
26|278,530.08765,493.56024,5
204|278,505.90735,-211.24562,5
209|278,525.1902,-118.21955,5
340|278,145.8399,498.72067,5
223|26,521.37,-21.44135,5
363|26,367.97522,-151.12668,5
278|26,493.07385,243.0812,5
84|26,532.2919,-15.671703,5
278|233,405.53156,-219.35143,5
205|233,214.6676,-164.039,5
363|233,97.07984,-187.1134,5
157|191,-473.42477,378.34473,0
213|191,-429.16534,383.68896,0
178|191,-586.89966,337.2472,0
211|191,-552.14734,245.96466,0
153|191,-357.30585,525.7314,0
215|191,-426.43857,158.90202,0
162|191,73.291306,562.3873,0
156|191,-558.62006,146.20503,0
155|191,-546.3841,449.10617,0
217|191,-281.85352,238.41411,0
23|191,-466.77243,91.71337,0
149|191,-586.7059,445.2745,0
180|191,-609.80084,363.45468,0
163|191,-725.6942,-80.40249,0
216|191,-598.16693,-171.66386,0
208|197,157.22954,183.1776,4
209|197,105.018845,258.96765,4
199|197,254.73798,257.55243,4
200|197,-418.2552,-170.61382,4
20|197,191.46088,396.05896,4
207|197,246.59613,485.93665,4
218|197,268.77817,227.84682,4
21|197,208.32776,507.85095,4
84|223,239.71094,22.941916,5
205|223,348.86053,243.77031,5
224|223,663.58246,-209.76724,5
365|223,-23.515022,-283.5103,5
234|223,311.03683,-17.63133,5
278|223,278.21045,-13.358593,5
363|223,211.79033,9.539549,5
26|223,442.0066,-76.4924,5
210|223,232.8347,-374.41937,5
340|223,-509.28317,41.37785,5
21|223,404.66156,316.69193,5
342|223,151.92212,-409.0001,5
363|364,45.205368,-205.70432,5
210|364,473.84256,-70.77051,5
340|364,-165.06914,465.31506,5
210|358,236.9406,-307.5653,5
21|358,269.1207,-57.76148,5
84|358,302.8386,-108.22909,5
363|358,306.42603,-83.1009,5
366|358,463.14362,-145.47685,5
365|358,384.75967,-283.28296,5
234|358,357.94476,-135.84462,5
190|25,-352.05112,398.55515,0
340|25,-347.14603,116.39436,0
192|25,-350.3132,602.4441,0
212|25,-408.54352,240.98393,0
178|25,-272.70905,629.81976,0
143|25,-476.799,326.62384,0
234|25,374.5752,253.77126,0
84|25,380.625,273.13684,0
215|25,-536.2812,467.66022,0
196|368,-394.92435,155.87607,3
214|368,-524.4687,59.30199,3
215|368,-281.7839,77.45364,3
222|368,-236.04625,112.03685,1
84|368,447.7704,183.60838,3
234|368,452.11734,232.97282,3
367|368,-106.79296,401.0114,3
210|368,-30.98848,175.16237,3
180|368,-552.1817,514.4599,3
21|368,-32.453785,-74.30034,3
221|368,-389.17508,-96.42098,3
19|368,149.06093,368.77905,4
83|368,392.98926,239.20941,3
164|368,-169.90619,713.26544,3
204|368,-281.15546,-195.71658,3
211|368,-166.94714,-41.081005,3
339|368,-72.89451,-234.462,3
217|368,-167.08562,73.91175,3
209|368,-28.859901,159.43996,4
191|368,-536.23706,370.86945,3
278|368,430.0659,280.19934,3
22|368,-167.31284,91.86646,3
191|190,-273.32495,295.33545,0
212|190,-299.72626,425.90598,0
340|190,-223.02275,261.91815,0
278|234,349.72537,-166.51088,5
340|234,82.83942,198.62712,5
25|234,537.3428,-187.39095,5
369|234,555.6656,-122.693275,5
211|234,-90.774734,-312.48306,5
143|234,637.5907,93.62629,5
178|234,545.5724,-156.25699,5
26|234,609.4833,-207.66963,5
23|234,-0.036607265,241.67015,5
364|234,550.2271,-140.53165,5
224|234,578.39655,-280.78906,5
368|234,-192.9925,-134.39427,5
153|234,625.96014,-97.028,5
225|234,632.73816,-197.15343,5
158|234,542.8554,-172.76837,5
192|234,589.1725,-261.2344,5
191|234,559.2319,-103.29902,5
156|234,623.55804,-131.45717,5
190|234,531.2723,-206.01375,5
180|234,618.2365,-165.4245,5
212|234,-218.76804,-205.03238,5
339|234,208.91377,-200.00179,5
203|234,337.8702,-192.26753,5
205|234,355.1614,97.461815,5
233|234,497.6143,-376.7227,5
341|234,-126.86635,-300.64554,5
358|234,255.65186,-103.7688,5
208|234,448.52823,22.984938,5
204|234,403.2169,-169.5478,5
221|234,-180.41267,-266.12402,5
164|234,597.4148,-242.43944,5
216|234,144.59355,345.9405,5
363|234,381.96725,-101.29997,5
16|234,535.87933,-283.11606,5
363|224,88.83712,-215.16441,5
84|224,516.85645,81.20422,5
191|143,-354.46066,267.40128,0
25|143,-390.40546,262.5193,0
340|143,-366.57397,153.9068,0
223|266,501.84012,-88.5238,5
224|225,704.1717,105.18144,5
84|225,529.3411,144.62428,5
234|225,535.43555,106.73426,5
365|341,57.17303,-208.45229,1
22|341,-205.2657,-49.28461,1
340|341,-325.9744,128.37431,1
363|341,12.075611,-166.27736,1
213|341,-474.5807,261.96576,1
220|341,-161.02968,198.82278,1
339|341,-476.99222,-273.63055,1
218|341,108.19926,-368.09464,1
205|341,210.8841,-59.811638,1
212|341,-227.8708,193.9673,1
366|341,11.252961,-194.51259,1
210|341,-111.48978,-270.91602,1
20|341,104.126465,-216.60364,1
196|341,-341.19586,83.73395,0
158|341,-595.07776,14.657501,1
217|341,-226.61595,72.485306,3
181|341,-768.3912,-27.56284,1
234|341,360.6425,29.00035,1
207|341,-205.51898,-423.07248,1
191|341,-576.9239,-252.72897,1
215|341,-454.4324,117.96397,1
214|341,-222.8143,33.99193,1
180|341,-743.1782,-195.44125,1
204|341,-91.01159,-424.91788,1
84|341,400.44336,179.71588,1
209|196,-224.94804,-120.53055,0
217|196,-205.26736,256.291,0
20|196,-45.474194,-432.1793,0
220|196,-191.06757,150.88199,0
366|196,-14.072288,259.11508,0
22|196,-203.49825,376.71835,0
363|196,-16.845737,-294.51657,0
211|196,-222.8886,238.64659,0
342|196,-184.41922,254.64534,0
212|196,-269.4243,173.41895,0
21|196,84.333725,293.73734,0
210|196,38.1572,-244.5525,0
368|196,-314.84476,14.564406,0
365|196,8.7967415,-258.87836,0
25|196,-575.6653,-86.223145,0
221|196,-538.6598,15.326383,0
215|196,-234.0143,134.12347,0
191|196,-503.0472,-76.09413,0
205|196,33.21714,-413.75687,0
143|196,-723.6494,167.46918,0
209|219,53.146736,293.0096,4
21|219,171.49428,149.45703,4
203|219,279.2088,335.07822,4
342|219,50.764103,192.22331,4
363|219,195.55428,-113.47101,4
205|219,294.4937,165.36298,4
201|219,362.4398,320.93,4
197|219,347.22906,226.18958,4
234|219,553.7814,152.8779,4
202|219,406.4508,-309.9881,4
19|219,378.7447,395.63068,4
204|219,307.2753,-54.392303,4
199|219,-137.11832,473.12952,4
210|219,-34.9317,-293.97006,4
217|219,-187.70181,236.90997,4
84|219,493.94647,46.37512,4
365|219,276.003,-242.85735,4
197|199,505.45367,370.44913,4
208|199,63.853104,-168.44606,4
20|199,234.1339,363.83542,4
209|199,-1.2000413,316.52045,4
21|199,294.73465,342.97073,4
217|199,36.979897,529.2039,4
201|199,431.77396,304.4895,4
16|199,561.13403,184.09196,4
207|199,258.49094,358.78397,4
210|19,78.44565,-164.63608,4
365|19,150.34645,-196.09372,4
217|19,-269.02603,-39.511356,4
342|19,-65.377396,-86.92591,4
368|19,-252.1201,405.35718,4
22|19,-54.458454,452.63303,4
207|19,74.18534,136.53224,4
23|19,-387.66083,-327.0184,4
16|19,415.72012,-307.71423,4
219|19,-91.989426,-406.44485,4
209|19,37.24561,344.48853,4
160|158,378.8055,386.92197,1
159|160,-53.850773,394.27585,1
158|159,-246.34245,443.67163,1
341|159,-212.89745,353.28198,0
181|159,-281.8932,568.6498,0
164|159,-137.13986,711.8054,0
205|214,123.72292,362.70654,1
340|214,-244.34067,214.80554,1
222|214,-418.2548,80.17348,1
210|214,-144.90027,-248.6008,1
21|214,143.14241,285.91766,1
363|214,-8.856927,364.10452,1
212|214,-365.74786,100.326065,1
365|214,-224.17728,-156.8866,1
208|214,-224.28122,-305.83603,1
366|214,-239.98009,-92.962746,1
215|214,-416.2549,55.618,1
220|214,-123.099,181.32986,1
22|214,-85.932,242.16469,1
196|214,-531.87775,76.75045,1
20|214,-77.16278,-272.23315,1
216|214,-410.44852,42.505215,1
203|214,266.873,144.66429,1
341|215,-341.12122,-30.116018,1
214|216,-522.7611,-119.85791,3
20|216,97.7778,349.12845,3
365|216,-41.649746,-167.13797,3
366|216,10.260483,219.54973,3
221|216,-434.9627,398.32272,3
208|216,-399.93954,-371.88873,3
84|216,133.93953,-439.3431,3
339|216,0.38308358,278.56708,2
213|216,-524.2837,221.12367,3
191|216,-665.97626,-13.0085335,3
363|216,16.079708,260.22833,3
205|216,107.550896,304.1917,3
203|216,27.229406,-280.8923,3
220|216,-47.3081,293.723,3
204|216,-65.65457,-357.54306,3
158|216,-588.9469,-221.89594,3
25|216,-665.44995,-58.472267,3
207|216,-347.76007,-385.20886,3
20|221,134.2356,220.42451,1
340|221,-313.51614,228.95401,1
210|221,3.5980144,-229.62436,1
368|221,-329.56277,-69.841225,1
216|221,-436.78043,53.547497,1
366|221,-78.11181,-167.77036,1
208|221,-369.08206,-322.4654,1
23|221,-239.09619,-16.354858,1
84|221,402.0876,195.18613,1
234|221,152.1382,302.62048,1
212|221,-427.18164,185.23575,1
365|221,-90.27238,-203.29997,1
205|221,-213.67303,488.00143,1
220|221,-102.03655,241.23969,1
363|221,169.37073,276.6516,1
196|221,-498.5619,159.74281,1
22|221,-49.481686,235.08821,1
215|221,-509.7387,94.217896,1
217|221,-166.4272,-68.570145,1
207|221,-88.39445,-353.6359,1
214|221,-228.1372,47.50462,3
83|221,430.72476,221.81021,1
21|221,38.24289,416.92844,1
203|221,230.01079,424.1489,1
204|215,-179.54218,-213.51106,0
22|215,-148.97093,371.41568,0
365|215,-149.15312,-77.97206,0
205|215,-56.54035,-163.13495,0
366|215,48.2137,271.91718,0
222|215,-252.4699,3.6371932,1
363|215,-138.28368,-6.495597,0
196|215,-379.15317,109.74402,0
20|215,-114.14277,-179.38956,0
220|215,-68.99724,266.3977,0
221|215,-440.21646,-54.198517,0
214|215,-378.49283,48.409542,3
191|215,-194.60956,480.64185,0
339|215,-205.92986,-310.75323,0
210|215,-215.57054,-88.32061,0
368|215,-518.50793,78.46377,0
21|215,16.09148,353.87537,0
178|215,-771.73846,143.2597,0
207|215,-217.98615,385.5705,0
25|215,-634.7803,104.821976,0
213|215,-574.84424,344.40424,0
190|215,-689.2229,6.5727673,0
208|215,-101.5923,-244.33542,0
203|215,-559.69995,-9.617726,0
209|215,-433.9222,307.03174,0
212|215,-479.8146,176.52632,0
214|299,-178.18108,-126.305984,1
217|299,-303.8427,-194.25035,1
191|163,-207.50906,-390.15137,0
180|163,-452.93103,251.66115,0
340|163,-345.20413,415.5766,0
153|163,-390.53647,-384.24014,0
215|163,-419.5457,125.26795,0
196|163,-646.2328,-67.30403,0
192|155,-355.79868,438.9667,0
191|155,-356.81808,306.84738,0
340|155,-292.39725,201.59427,0
215|181,-296.57443,333.2595,0
158|181,-373.61816,425.22375,0
341|181,-443.43927,22.847198,0
160|181,-101.50028,634.1961,0
159|181,-305.59033,710.577,0
180|181,-253.2478,491.5662,0
340|181,-360.5517,370.99518,0
164|181,-251.60854,691.5617,0
191|181,-255.35037,511.56714,0
211|181,-49.46548,614.29266,0
341|158,-283.38394,138.7775,1
216|158,-411.75125,294.9647,1
340|158,-337.7869,311.08328,1
215|158,-376.41397,88.78475,1
217|158,-267.15036,-203.82788,1
211|158,-345.86017,224.69429,1
159|158,-228.8199,554.5858,1
342|158,390.80283,281.22565,1
222|158,-265.74084,64.76141,1
363|158,105.67146,525.92303,1
212|158,-303.95786,573.75226,1
375|158,-406.0235,512.22485,1
88,-196.86877,302.61658,0
164|162,-21.605022,605.92725,0
160|162,-182.44472,507.08386,0
181|162,-166.92548,561.65216,0
340|162,-275.65646,602.8249,0
215|162,-599.4343,309.0633,0
364|233,161.76337,-550.15204,5
369|233,280.8177,-424.80408,5
223|233,-13.214358,-468.30035,5
20|200,134.36125,-336.4069,4
208|200,4.297306,-310.64377,4
209|200,-291.59912,-164.74464,4
201|200,-105.1821,348.38004,4
199|200,203.60039,-251.30128,4
207|200,56.660675,-338.4224,4
16|200,370.2677,-249.93181,4
339|200,-16.634438,382.09073,4
21|200,505.9298,114.764915,4
23|367,-163.94505,277.77307,3
340|367,-296.38004,300.71674,0
366|367,31.376963,277.37143,0
22|367,-95.19233,-149.35355,0
363|367,150.11522,199.44476,0
210|367,75.425385,306.35318,0
365|367,272.80664,310.62878,0
21|367,129.32654,404.64594,0
368|367,-188.66032,398.61633,0
342|367,-70.56114,292.58032,0
217|367,-43.525352,443.23703,0
211|367,-345.67975,343.67316,0
212|367,-249.02594,324.9803,0
205|367,46.13008,551.51404,0
209|367,-63.1986,360.898,0
160|159,-76.6269,647.81287,1
215|159,-398.56448,424.47836,0
180|159,-135.42947,664.7144,0
340|159,-223.25174,518.9917,0
162|159,-158.56169,788.46674,0
153|159,135.15646,685.19696,0
341|375,-404.50543,14.044333,1
222|375,-507.08047,355.54324,1
340|156,-197.2497,283.33868,0
191|156,-428.21426,482.7712,0
190|156,-283.96564,448.30753,0
215|180,-393.978,286.04932,0
340|180,-324.09564,329.0161,0
341|180,-498.90738,-63.251465,0
222|180,-530.85876,-245.71579,0
160|180,-202.58646,689.35455,0
196|180,-501.56467,333.3037,0
162|180,-367.83154,711.5138,0
216|180,-504.23926,-229.02011,0
211|180,-417.37918,263.1717,0
158|180,-617.826,-93.10163,0
155|157,-564.3076,326.5677,0
340|157,-378.61185,139.85191,0
191|157,-308.22226,367.74118,0
341|160,-515.6559,195.91808,0
158|160,-313.68494,397.4965,0
181|160,-266.31903,505.37646,0
164|160,-227.2565,731.1146,0
215|160,-478.38867,339.15796,0
162|160,-204.25587,770.9452,0
217|160,-109.73688,606.4361,0
340|160,-309.54538,473.42426,0
342|160,110.74854,438.61075,0
21|213,131.10652,-295.70593,0
196|213,-333.9147,173.88525,0
211|213,-270.1302,111.550476,0
23|213,-249.23811,74.152954,0
210|213,-51.047035,-271.0563,0
220|213,-175.39876,182.9157,0
366|213,52.501923,253.80556,0
342|213,-95.06841,-178.41824,0
368|213,-290.4232,-117.00809,0
22|213,-277.9972,-172.29271,0
222|213,-349.75775,1.1177988,0
217|213,-226.7148,288.7266,0
363|213,-137.19766,-429.7051,0
215|213,-462.4528,-96.53271,0
365|213,392.39,-210.73515,0
216|213,-588.10223,-140.7286,0
372|213,-378.0683,204.54953,0
191|213,-508.38065,389.99185,0
209|213,-39.450523,527.5887,0
339|201,176.54688,-35.119328,2
207|201,464.8597,192.08528,2
212|192,-339.61267,242.88853,0
340|192,-348.32056,170.589,0
191|192,-366.5124,278.32288,0
156|192,-575.47864,413.13452,0
25|192,-462.2421,379.33954,0
215|192,-518.70087,144.72548,0
211|192,-564.61957,178.29645,0
340|178,-422.73495,201.8816,0
191|178,-519.87476,397.26102,0
215|178,-446.4448,159.87799,0
83|178,-240.81816,-432.27048,0
216|178,-585.9453,292.97943,0
21|83|21,525.267,-326.2011,5
164|152,-122.03623,573.13666,0
238|229,371.00916,-495.88364,5
191|149,-177.92174,589.346,0
83|241,81.37573,-359.96063,5
222|371,-185.40651,448.1209,1
199|113,269.2097,-281.59796,4
218|113,502.8321,-58.75339,4
339|115,35.064045,543.9809,2
363|210|365,-614.6872,36.478737,3
84|234|21,455.09393,-12.888451,5
104,-18.171162,754.3402,2
363|205|208,182.62888,596.86957,2
107,594.795,-395.40387,2
234|84|21,272.07016,-135.81833,5
217|209|217,-525.71985,-358.21445,4
368|209|217,-412.06873,-358.2172,4
342|210|23,-277.57788,-467.5375,4
216|215|23,-475.3626,486.5609,3
23|340|23,-187.98761,-366.8491,0
21|203|210,79.3639,-508.97144,2
210|23|342,345.28983,437.3769,3
365|363|342,386.03534,373.73203,2
191|25|191,-691.65283,343.9711,0
243,762.1555,-269.84912,5
203|342|21,346.35214,391.65933,3
366|342|21,323.83014,459.08954,3
216|21|210,48.70039,521.5649,4
84|21|210,141.8505,477.322,4
234|21|210,599.3362,132.02846,4
83|21|210,576.4978,275.96646,4
205|366|210,221.81824,476.92172,3
363|210|368,149.44939,557.18726,3
21|209|203,352.75345,510.92566,2
23|211|340,-489.75977,439.90097,3
368|211|340,-253.94643,573.88873,3
342|211|340,-495.07663,126.4721,3
21|209|211,-543.38965,-205.25894,4
342|209|211,-666.68616,-127.0825,4
204|205|366,57.40151,623.16156,2
340|366|365,-380.5889,-441.38962,0
220|209|342,289.34845,-343.06094,3
365|366|23,273.99792,490.7121,3
366|21|209,-373.89075,-195.21895,3
217|21|209,189.30786,-452.59988,3
211|21|209,-346.35468,-433.76984,3
22|21|209,156.27737,-469.59128,3
209|21|209,176.9044,185.36809,3
366|210|217,-375.57742,582.7367,3
363|220|340,22.301287,581.5524,3
23|209|342,-454.1192,-310.0508,3
365|366|365,-30.191126,-495.54913,0
342|20|217,-207.34828,-491.32864,4
20|21|203,426.96957,387.98532,3
217|212|217,-375.59924,636.8021,3
366|340|366,-46.95448,726.3801,3
212|340|366,-42.37208,656.05695,3
342|21|368,-95.24325,-281.73822,3
220|366|363,99.84721,575.1648,3
363|21|203,511.67834,234.23988,3
203|21|203,180.8628,302.9905,3
210|21|368,-84.94307,-453.77518,3
214|221|217,-217.54321,-524.9369,1
222|221|217,-195.40503,-527.5003,1
363|365|20,-262.8175,-473.00854,2
217|214|342,-32.503433,-527.44836,1
366|365|20,-442.0651,-368.757,2
212|340|365,-601.8533,69.0074,2
210|220|210,55.417038,595.6017,3
22|220|210,75.89294,596.63873,3
23|368|22,-97.66373,-486.60754,3
23|342|217,-33.509605,585.8441,3
21|204|363,215.10406,489.33307,2
22|217|23,-532.1083,-157.52344,3
340|217|23,-665.43164,38.189114,3
222|221|222,-707.8068,57.50798,1
342|217|341,-697.78174,117.24182,3
209|208|363,250.31944,562.0016,4
342|217|221,-323.54355,-453.10587,1
363|342|363,437.30154,437.2793,2
55,417.36215,-383.51468,5
19|218|208,449.29288,-340.73795,4
368|342|220,-488.03995,307.74722,3
217|342|220,-670.875,105.08901,3
20|217|211,-461.8718,232.83354,3
222|217|211,-669.6416,185.31186,3
217|340|217,-315.4661,519.6496,3
211|340|217,-366.3072,608.1059,3
342|211|342,-96.35218,431.34772,3
349,-795.04126,-110.60909,1
23|22|23,-626.0489,148.12465,3
209|207|19,403.76923,436.81348,4
22|342|365,-554.00073,-297.641,3
210|22|23,-331.28165,-353.5555,3
21|22|23,-202.99611,-436.7333,3
366|220|366,280.9331,473.41562,0
22|220|366,176.51697,554.0596,0
366|365|21,-422.87006,-312.94882,3
220|217|342,-106.40802,569.4888,3
212|217|342,-468.49973,-260.71207,3
205|217|342,458.4973,103.89813,3
21|217|340,-662.5806,237.85706,3
23|217|340,-364.29565,-288.6468,3
222|341|216,-644.034,123.08239,3
23|368|21,-315.86346,-193.05359,3
366|217|209,-591.7095,382.0215,3
342|217|22,-544.45844,418.18225,3
366|365|205,-369.78714,-385.81732,2
212|342|209,-12.645321,572.0929,3
366|210|205,29.325367,-503.06235,3
365|363|209,310.9952,495.75027,2
210|208|209,484.4208,80.98416,4
210|23|217,-364.38544,-365.98615,3
365|363|220,416.91623,427.78485,2
209|210|205,-147.48956,-450.73682,3
366|205|339,192.01363,552.8966,2
210|220|23,18.25998,620.59015,3
211|216|217,-233.14333,-482.56168,0
21|217|21,-92.7315,703.16534,4
211|217|21,-194.43869,631.09686,4
176,212.99805,-920.1066,5
366|363|20,-395.40128,-459.90268,2
220|22|366,-216.1751,-463.32855,3
205|363|217,508.26575,287.25244,2
368|22|217,-679.7266,211.62692,3
220|22|217,-664.3508,254.21484,3
21|207|21,-173.59372,-601.6524,4
83|21|20,625.1095,137.05873,3
23|21|20,298.36908,464.75085,3
84|21|20,599.7082,55.816822,3
341|222|21,-1.7573329,621.6723,3
84|21|342,504.14056,305.2345,4
211|214|221,-718.20636,90.454285,3
220|22|220,205.6139,637.2685,3
217|21|217,393.97824,504.80612,3
212|340|342,-135.7132,404.17932,3
205|203|365,496.05292,347.49847,2
23|342|366,273.98425,517.5363,3
220|342|366,132.31935,596.3353,3
22|220|342,49.816444,-483.7441,3
211|368|209,-257.6978,-328.51987,3
23|220|217,-689.3975,-49.04023,0
363|205|220,58.420364,-470.49182,2
209|210|22,416.72675,379.9134,2
342|210|22,108.16855,595.36505,2
220|363|205,245.43805,508.25162,2
46,-856.57294,202.92358,0
211|342|210,-272.61362,-379.83002,3
22|209|208,-528.93524,-229.73685,3
210|209|208,-319.721,-398.13107,3
366|220|342,-295.50095,-438.8202,3
368|220|342,-506.4442,-290.7714,3
108,616.90686,-363.25046,2
21|209|23,112.78892,621.8452,3
22|211|217,-650.3829,-192.5192,3
216|211|217,-681.2236,-133.94148,3
341|211|217,-604.83417,-209.50613,3
209|210|220,-62.71409,-465.15445,4
220|23|340,96.59382,422.1574,3
217|209|22,-486.21933,-228.40837,4
368|342|203,-390.04755,531.46375,3
365|210|21,43.658756,-447.3061,3
21|217|20,-648.05493,-47.893234,3
366|340|220,-242.09042,614.7625,3
363|203|207,243.44815,570.49786,2
342|23|21,8.846215,696.7491,3
217|214|222,-178.82202,-541.1681,1
342|363|210,568.0393,512.43805,2
220|366|342,-341.10797,581.9122,2
23|211|368,-452.7416,-331.67905,3
212|23|212,-445.81042,-270.20117,0
212|23|220,-648.38104,-115.967,3
23|368|211,-644.5266,-164.52325,3
23|340|211,-394.65897,-395.8216,3
210|220|22,-244.92465,-442.69165,3
366|363|204,-61.77092,592.3241,2
365|20|209,151.73828,539.90344,4
342|363|339,-466.92227,-209.85696,2
217|214|341,-663.0264,25.80893,1
21|209|205,317.43002,546.27765,3
21|207|20,549.765,20.005499,4
165,159.0452,-928.42487,5
366|220|365,369.96762,419.0654,3
21|209|21|209,567.6873,449.57498,3
363|209|21|209,484.6476,377.3659,3
21|208|210,-162.71439,-465.1389,4
366|363|365,387.20956,-353.93076,2
211|23|210,-598.87665,-260.75308,3
22|217|368,-625.10864,290.59543,3
222|217|368,-641.28406,265.14755,3
205|20|205,-376.5349,-522.76556,2
23|209|21,-250.27443,-383.69888,4
21|203|20,-45.806324,-489.329,2
22|209|368,142.7157,573.03625,4
365|212|220,-361.30634,554.5742,3
342|217|208,303.62753,-294.3452,3
217|342|340,-625.0076,248.54077,3
22|368|20,-681.66156,-102.99292,3
209|342|339,275.47983,563.41693,2
342|210|211,-650.5514,76.81624,2
368|22|368,-671.5541,153.7081,3
208|21|22,377.92282,439.1449,3
220|205|363,-586.53894,-60.529858,2
363|339|20,587.25995,-6.643363,2
365|21|208,108.3621,557.8065,3
210|23|22,356.04407,458.20566,3
23|342|23,7.91683,-497.5515,3
23|211|210,230.49178,548.39014,3