211|204,23|,12
211|204,217|,15
61|,84|,10
61|,363|,12
61|,83|,11
214|205,217|,17
278|363,363|,21
22|209,23|,45
22|209,211|,32
22|209,210|,80
22|209,208|,13
22|209,363|,34
22|209,342|,129
22|209,216|,12
22|209,212|,14
22|209,21|,46
22|209,365|,17
22|209,340|,17
22|209,339|,10
22|209,214|,11
22|209,209|,46
22|209,217|,41
22|209,205|,17
22|209,368|22.209,77
22|209,220|,67
22|209,366|,49
22|209,20|,20
17|,205|,14
17|,202|,42
17|,204|,18
17|,203|,10
17|,339|,36
17|,16|,10
212|221,23|,12
364|83,83|,14
363|203,23|,64
363|203,217|363,65
363|203,22|,90
363|203,83|363,17
363|203,220|363.203,74
363|203,218|,24
363|203,208|,76
363|203,202|,13
363|203,209|,83
363|203,368|,46
363|203,365|,282
363|203,366|,121
363|203,221|,18
363|203,216|363,20
363|203,84|,16
363|203,222|,28
363|203,211|,36
363|203,203|,277
363|203,210|,234
363|203,213|,10
363|203,342|,128
363|203,212|,28
363|203,341|,14
363|203,19|,17
363|203,206|,24
363|203,340|,36
363|203,205|,364
363|203,207|,52
363|203,214|,10
363|203,204|,112
363|203,339|,190
363|203,21|,240
363|203,234|363,13
363|203,20|,151
23|196,342|,11
23|196,217|23,13
22|19,368|,11
84|366,234|,25
222|375,342|,10
203|83,363|203,13
200|,219|,295
200|,199|,43
200|,83|,11
200|,218|,223
200|,208|,69
200|,209|,46
200|,16|,77
200|,113|,15
200|,197|,23
200|,202|,34
200|,210|,17
200|,203|,23
200|,363|,30
200|,342|,23
200|,201|,34
200|,19|,29
200|,205|,14
200|,207|,150
200|,217|,16
200|,339|,42
200|,21|,47
200|,20|,82
200|,204|,13
358|210,84|358,12
278|,23|,18
278|,369|,32
278|,223|,69
278|,220|,30
278|,84|278,110
278|,83|,38
278|,218|,12
278|,26|,20
278|,208|,12
278|,211|,10
278|,209|,23
278|,368|,14
278|,266|,14
278|,366|,34
278|,202|,13
278|,234|,77
278|,210|,47
278|,203|,21
278|,89|,10
278|,342|,37
278|,224|,16
278|,212|,24
278|,22|,27
278|,206|,13
278|,340|,14
278|,205|,68
278|,364|,10
278|,358|,12
278|,204|,36
278|,363|,247
278|,339|,36
278|,233|278,117
278|,21|,55
278|,365|278,93
278|,20|,36
278|,217|,18
83|210,84|83,11
83|210,210|,13
83|210,363|,11
83|210,342|,12
83|210,21|,22
83|210,234|83,19
83|210,20|,18
253|,84|,11
253|,83|,20
233|84,84|,12
221|207,217|,11
217|84,342|,12
217|84,368|,12
202|207,339|,43
202|207,207|,10
84|221,234|,13
365|278,21|,10
83|234,84|83,10
83|234,210|,13
83|234,342|,11
83|234,21|,18
83|234,234|83,15
83|234,20|,10
23|368.21,21|,10
23|,84|23,80
23|,339|,160
23|,299|,15
23|,22|,1304
23|,155|,15
23|,212|,838
23|,218|,95
23|,26|,15
23|,208|,204
23|,181|,12
23|,217|23,1719
23|,199|,17
23|,365|,441
23|,158|,37
23|,221|,234
23|,222|,326
23|,197|,22
23|,156|,34
23|,223|,27
23|,162|,10
23|,233|,13
23|,363|,601
23|,342|,1649
23|,278|,27
23|,364|,17
23|,206|,18
23|,340|,741
23|,214|,268
23|,204|,142
23|,216|,438
23|,21|,854
23|,191|23,61
23|,367|,127
23|,369|,24
23|,159|,25
23|,25|,41
23|,234|23,90
23|,219|,23
23|,153|,32
23|,368|,1690
23|,83|23,99
23|,205|,335
23|,163|,18
23|,209|,648
23|,16|,26
23|,180|,43
23|,190|,40
23|,220|,999
23|,210|,1109
23|,196|,122
23|,192|,35
23|,152|,11
23|,211|,1540
23|,157|,26
23|,203|,220
23|,224|,11
23|,160|,21
23|,213|,160
23|,201|,14
23|,341|,273
23|,19|,44
23|,215|,232
23|,207|,145
23|,375|,26
23|,143|,26
23|,366|,741
23|,164|,35
23|,202|,49
23|,20|,393
23|,178|,26
366|215,210|,16
211|217,23|,157
211|217,216|,119
211|217,368|,102
211|217,22|211.217,65
211|217,208|,23
211|217,209|,51
211|217,365|,27
211|217,366|,41
211|217,221|,44
211|217,196|,18
211|217,222|,55
211|217,220|,54
211|217,203|,13
211|217,210|,72
211|217,363|,27
211|217,342|,111
211|217,212|,75
211|217,341|,46
211|217,215|,31
211|217,340|,116
211|217,205|,21
211|217,207|,11
211|217,214|,35
211|217,204|,12
211|217,213|,17
211|217,339|,12
211|217,21|,58
211|217,20|,36
211|217,217|,250
84|220,234|,11
216|,339|,40
216|,299|,16
216|,22|,235
216|,163|,20
216|,160|,14
216|,83|,58
216|,218|,27
216|,181|,21
216|,25|216,38
216|,191|,51
216|,158|,31
216|,221|,153
216|,365|216,95
216|,156|,13
216|,223|,11
216|,210|,315
216|,363|,179
216|,342|,567
216|,212|,205
216|,153|,20
216|,340|,308
216|,214|,218
216|,204|,38
216|,164|,46
216|,21|,351
216|,367|,11
216|,23|,525
216|,159|,23
216|,219|,10
216|,366|216,139
216|,368|,361
216|,205|216,81
216|,375|,27
216|,192|,33
216|,209|,235
216|,16|,19
216|,180|,24
216|,190|,22
216|,220|,172
216|,196|,87
216|,222|,328
216|,211|,1081
216|,234|,39
216|,162|,15
216|,203|,70
216|,143|,19
216|,157|,11
216|,213|,51
216|,341|,402
216|,215|,326
216|,84|216,41
216|,207|216,53
216|,217|,754
216|,208|216,77
216|,20|,167
216|,178|,20
145|,83|,12
209|,83|209,217
209|,266|,11
209|,299|,57
209|,215|209,143
209|,241|,11
209|,23|,572
209|,238|,11
209|,212|,268
209|,218|,300
209|,341|,257
209|,26|,14
209|,208|,1519
209|,181|,20
209|,22|209,905
209|,207|,742
209|,206|,37
209|,191|,37
209|,158|,36
209|,221|,321
209|,197|,58
209|,156|,12
209|,223|,47
209|,162|,22
209|,233|,24
209|,363|,864
209|,342|,4089
209|,367|209,51
209|,278|,31
209|,364|,18
209|,365|,460
209|,340|,263
209|,214|,300
209|,358|,18
209|,375|,27
209|,21|,4345
209|,216|,270
209|,225|,14
209|,204|,160
209|,198|,26
209|,369|,29
209|,159|,14
209|,25|,29
209|,219|,128
209|,368|,1348
209|,14|,15
209|,339|,291
209|,372|,13
209|,196|209,75
209|,16|,76
209|,180|,24
209|,211|,568
209|,190|,16
209|,113|,21
209|,220|,320
209|,210|,1903
209|,234|209,131
209|,222|,420
209|,199|,94
209|,163|,17
209|,203|,368
209|,157|,12
209|,224|,15
209|,160|,19
209|,213|,61
209|,217|,2484
209|,201|,47
209|,226|,12
209|,19|,149
209|,205|,475
209|,153|,23
209|,192|,25
209|,143|,25
209|,200|,58
209|,366|,442
209|,84|209,157
209|,164|,31
209|,202|,72
209|,20|,2948
209|,178|,14
190|,23|,26
190|,22|,11
190|,220|,27
190|,212|,68
190|,83|,28
190|,211|,34
190|,209|,16
190|,25|190,71
190|,340|190,147
190|,365|,12
190|,84|,42
190|,156|,33
190|,234|,17
190|,157|,13
190|,363|,15
190|,342|,14
190|,155|,11
190|,341|,11
190|,215|,29
190|,192|,66
190|,217|,19
190|,213|,31
190|,216|,12
190|,191|190,198
190|,21|,18
190|,143|,16
368|22.209,211|368,11
222|204,341|,15
222|204,221|,12
212|208,340|,10
340|203,23|,12
340|203,212|,11
241|,84|,12
241|,234|,18
241|,83|241,101
241|,342|,10
241|,21|,10
367|365,212|,11
157|,23|,20
157|,25|,20
157|,212|,31
157|,83|,37
157|,156|,13
157|,209|,11
157|,180|,14
157|,211|,22
157|,190|,14
157|,220|,11
157|,191|,46
157|,196|,10
157|,84|,15
157|,163|,10
157|,234|,11
157|,363|,10
157|,342|,12
157|,155|,22
157|,215|,27
157|,340|,93
157|,153|,13
157|,192|,30
157|,217|,22
157|,213|,14
157|,216|,10
157|,178|,24
370|,84|,14
370|,83|,20
370|,234|,15
370|,205|,14
370|,363|,50
370|,369|,15
370|,365|,19
355|,83|,10
226|,84|,48
226|,83|,15
226|,234|,42
226|,210|,10
226|,224|,25
226|,363|,23
226|,225|,15
226|,369|,25
226|,365|,13
226|,340|,14
226|,205|,14
226|,209|,11
226|,366|,11
19|,23|,38
19|,83|,31
19|,220|,16
19|,219|,67
19|,218|,237
19|,208|,724
19|,202|,39
19|,209|,164
19|,207|,864
19|,22|19,64
19|,365|,82
19|,16|19,45
19|,366|,34
19|,221|,12
19|,84|,18
19|,222|,29
19|,211|,26
19|,234|,16
19|,210|,185
19|,203|,558
19|,363|,298
19|,342|,166
19|,212|,16
19|,341|,10
19|,206|,14
19|,340|,11
19|,205|,236
19|,214|,13
19|,368|,43
19|,339|,310
19|,21|,445
19|,217|19,68
19|,216|,11
19|,20|,698
19|,204|,127
342|196,209|,13
342|196,210|,18
364|,23|,10
364|,83|,36
364|,22|,24
364|,220|,13
364|,25|,28
364|,278|,10
364|,369|,14
364|,339|,12
364|,209|,19
364|,365|,43
364|,191|,18
364|,366|,18
364|,217|,20
364|,84|,45
364|,211|,10
364|,234|,31
364|,210|,14
364|,203|,14
364|,233|,20
364|,363|,148
364|,342|,19
364|,212|,16
364|,206|,11
364|,340|,23
364|,204|,17
364|,205|,42
364|,21|,39
364|,20|,17
364|,143|,29
207|216,20|,14
217|,371|,13
217|,369|,27
217|,218|,140
217|,208|,472
217|,181|,54
217|,199|,56
217|,152|,25
217|,221|,598
217|,197|,42
217|,156|,39
217|,162|,25
217|,233|,16
217|,200|,27
217|,278|,29
217|,365|,346
217|,340|,793
217|,214|,795
217|,358|,19
217|,204|,140
217|,198|,11
217|,160|,36
217|,27|,11
217|,368|,2644
217|,339|,217
217|,163|,34
217|,209|,2425
217|,180|,48
217|,149|,16
217|,190|,57
217|,84|,74
217|,222|,596
217|,157|,23
217|,213|,111
217|,201|,40
217|,19|,58
217|,113|,10
217|,153|,38
217|,375|,50
217|,234|217,94
217|,178|,36
217|,299|,27
217|,22|,1167
217|,23|,1639
217|,26|,13
217|,183|,12
217|,158|,59
217|,202|,51
217|,223|,46
217|,83|217,151
217|,363|,583
217|,342|,3436
217|,212|,637
217|,364|,20
217|,206|,25
217|,367|,57
217|,216|,626
217|,21|,1404
217|,191|217,81
217|,219|,61
217|,211|217,1922
217|,205|,295
217|,192|,54
217|,16|,49
217|,220|,544
217|,182|,10
217|,196|,150
217|,159|,39
217|,372|,13
217|,210|,1198
217|,203|,247
217|,224|,10
217|,25|217,64
217|,155|,13
217|,341|,524
217|,215|,300
217|,45|,12
217|,207|,334
217|,143|,32
217|,366|,444
217|,164|,57
217|,20|,906
84|209,363|,13
84|209,234|,22
83|205,234|83,10
25|190,191|,14
84|23,234|,10
223|84,84|223,26
366|206,210|,10
299|,222|,25
299|,211|,48
299|,363|,11
299|,342|,26
299|,83|,15
299|,341|,37
299|,368|,17
299|,214|,198
299|,209|,28
299|,217|,77
299|,216|,40
299|,21|,15
299|,221|,42
199|,23|,11
199|,83|,12
199|,219|,245
199|,218|,192
199|,208|,83
199|,202|,31
199|,209|,71
199|,16|,46
199|,220|,10
199|,197|,15
199|,211|,14
199|,234|,11
199|,210|,12
199|,203|,23
199|,363|,25
199|,342|,40
199|,201|,40
199|,19|,26
199|,365|,16
199|,340|,12
199|,205|,19
199|,207|,140
199|,217|,34
199|,200|,158
199|,339|,29
199|,21|,60
199|,20|,88
341|158,216|,10
341|158,211|,13
341|158,217|,20
221|366,222|,24
221|366,214|,32
191|156,190|,13
196|212,340|,24
196|212,222|,17
196|212,217|,11
340|84,23|,10
25|84,84|,14
221|215,217|,11
340|234,23|,15
364|363,363|,18
207|212,208|207,17
365|221,205|,10
365|221,363|,24
365|221,210|,19
83|363,363|,14
83|363,234|83,13
83|363,21|,11
266|,84|,59
266|,26|,13
266|,358|,13
266|,223|,38
266|,234|,31
266|,205|,16
266|,363|,24
266|,342|,10
266|,83|,21
266|,278|,17
266|,365|,13
21|205.210,205|,10
216|158,211|,17
153|,159|,11
153|,23|,30
153|,160|,12
153|,83|,42
153|,368|,10
153|,216|,25
153|,163|,50
153|,180|,31
153|,149|,10
153|,220|,14
153|,191|,30
153|,158|,16
153|,196|,36
153|,84|,17
153|,222|,25
153|,211|,42
153|,157|,21
153|,181|,37
153|,342|,13
153|,25|,10
153|,212|,26
153|,341|,28
153|,215|,79
153|,340|,63
153|,192|,13
153|,217|,15
153|,164|,20
153|,21|,12
153|,178|,25
206|,23|,18
206|,366|206,64
206|,219|,11
206|,22|,31
206|,83|,20
206|,218|,16
206|,208|,36
206|,209|,26
206|,368|,11
206|,21|206,74
206|,220|,29
206|,221|,11
206|,84|,22
206|,222|,22
206|,211|,15
206|,234|,17
206|,203|,100
206|,233|,18
206|,363|,274
206|,342|,75
206|,365|206,100
206|,212|,17
206|,19|,11
206|,205|,497
206|,207|,28
206|,204|,189
206|,339|,99
206|,210|206,75
206|,20|,48
206|,217|,15
115|,339|,16
115|,205|,12
115|,202|,13
115|,16|,11
115|,204|,11
234|20,84|,40
234|20,83|234,20
234|20,205|,11
234|20,363|,15
234|20,365|,12
20|215,21|,22
200|21,207|,10
222|212,211|,11
222|212,212|,12
222|212,341|,17
222|212,221|,16
222|212,217|,15
221|340,214|,22
221|340,217|,16
164|,159|,34
164|,22|,13
164|,220|,13
164|,23|,33
164|,212|,19
164|,83|,52
164|,153|,40
164|,366|,10
164|,211|,46
164|,209|,14
164|,215|164,112
164|,180|,60
164|,182|,13
164|,158|,32
164|,221|,13
164|,196|,42
164|,84|,15
164|,222|,50
164|,163|,38
164|,162|,32
164|,181|,113
164|,363|,11
164|,342|,19
164|,160|,43
164|,341|,46
164|,152|,18
164|,340|,69
164|,214|,17
164|,29|,10
164|,217|,24
164|,216|,40
164|,21|,12
164|,375|,15
217|23,23|,119
217|23,22|,72
217|23,220|,42
217|23,339|,11
217|23,218|,11
217|23,208|,29
217|23,209|,144
217|23,368|,171
217|23,207|,20
217|23,365|,21
217|23,366|,17
217|23,221|,19
217|23,222|,34
217|23,211|217.23,102
217|23,210|,75
217|23,203|,12
217|23,363|,34
217|23,342|,232
217|23,212|,46
217|23,341|,31
217|23,215|,26
217|23,340|,46
217|23,214|,49
217|23,213|,12
217|23,205|,18
217|23,21|,82
217|23,216|,36
217|23,20|,41
37|,83|,21
215|180,211|,10
215|180,217|,11
221|83,222|,11
340|214,23|,18
340|214,220|,10
340|214,212|,24
23|339,342|,13
23|339,368|,11
25|,22|,17
25|,190|25,74
25|,278|,11
25|,83|,53
25|,181|,10
25|,191|,268
25|,158|,14
25|,156|,32
25|,210|,17
25|,233|,10
25|,363|,27
25|,342|,19
25|,212|,74
25|,153|,13
25|,365|,16
25|,340|,220
25|,204|,11
25|,339|,11
25|,21|,17
25|,143|,46
25|,23|,36
25|,216|,22
25|,368|,20
25|,366|,28
25|,192|,55
25|,209|,15
25|,220|,30
25|,196|,11
25|,84|,72
25|,222|,17
25|,211|,46
25|,234|,49
25|,157|,19
25|,213|,52
25|,155|,12
25|,341|,10
25|,215|,57
25|,45|,10
25|,364|,14
25|,217|,39
25|,205|,20
25|,20|,13
25|,178|,17
219|,339|,160
219|,199|,71
219|,363|219,108
219|,23|,22
219|,212|,11
219|,83|,34
219|,221|,18
219|,218|,976
219|,341|,13
219|,208|,374
219|,211|,19
219|,209|,154
219|,16|,179
219|,22|,25
219|,220|,14
219|,366|,25
219|,113|,16
219|,84|,26
219|,222|,11
219|,197|,54
219|,202|,81
219|,234|,32
219|,210|,60
219|,203|,117
219|,200|,136
219|,201|,55
219|,207|,743
219|,19|,134
219|,365|,29
219|,340|,20
219|,205|,90
219|,214|,12
219|,358|,10
219|,368|,16
219|,204|,56
219|,216|,14
219|,342|219,88
219|,21|,176
219|,20|,293
219|,217|,51
220|207,366|,14
201|16,219|,11
205|,199|,22
205|,212|205,196
205|,278|,32
205|,369|,35
205|,218|,267
205|,226|,12
205|,26|,16
205|,208|,713
205|,214|205,76
205|,341|205,95
205|,22|,416
205|,365|,1326
205|,191|,14
205|,158|,20
205|,221|,111
205|,197|,49
205|,202|,257
205|,223|,40
205|,84|205,161
205|,210|,1431
205|,233|,42
205|,266|,11
205|,342|,918
205|,364|,28
205|,206|,420
205|,358|,15
205|,204|,2038
205|,234|205,115
205|,164|,11
205|,363|,5030
205|,21|,1806
205|,216|,78
205|,217|,288
205|,23|,300
205|,159|,11
205|,25|,20
205|,219|,98
205|,368|,265
205|,339|,2042
205|,192|,14
205|,209|,440
205|,16|,167
205|,180|,13
205|,220|,348
205|,200|,25
205|,196|,36
205|,222|,254
205|,211|,202
205|,203|,2973
205|,224|,17
205|,370|,10
205|,201|,33
205|,19|,270
205|,215|,50
205|,367|,32
205|,207|,632
205|,143|,16
205|,213|,42
205|,366|,627
205|,83|205,173
205|,20|,1279
205|,340|205,150
220|83,366|,10
220|83,23|,11
191|190,190|,30
191|190,156|,20
208|84,20|,25
365|218,363|,13
251|,84|,10
251|,83|,13
251|,234|,17
275|,83|,10
196|,22|,67
196|,163|,14
196|,212|,192
196|,83|,25
196|,208|,21
196|,181|,12
196|,368|196,66
196|,191|,36
196|,158|,19
196|,221|,50
196|,23|196,142
196|,363|,45
196|,220|196,130
196|,371|,20
196|,216|196,118
196|,365|,44
196|,340|,480
196|,214|,27
196|,204|,13
196|,213|196,82
196|,25|,31
196|,339|,13
196|,192|,33
196|,209|,65
196|,180|,18
196|,190|,19
196|,84|,17
196|,222|,315
196|,211|,152
196|,234|,14
196|,203|,12
196|,157|,13
196|,21|196,62
196|,210|196,69
196|,341|,160
196|,215|,255
196|,342|196,123
196|,205|,27
196|,153|,10
196|,375|,18
196|,217|,139
196|,366|,61
196|,20|,32
196|,178|,14
163|,159|,10
163|,23|,20
163|,83|,20
163|,164|,17
163|,181|,29
163|,180|,56
163|,220|,13
163|,191|,11
163|,158|,19
163|,196|,43
163|,84|,14
163|,222|,27
163|,211|,31
163|,210|,10
163|,157|,11
163|,212|,27
163|,341|,24
163|,215|,82
163|,340|,53
163|,153|,21
163|,217|,12
163|,366|,10
163|,216|,31
163|,178|,21
216|220,23|,11
216|220,211|,23
210|369,342|,12
220|221,210|,11
215|365,216|,15
215|365,211|,13
155|,84|,14
155|,23|,12
155|,211|,14
155|,234|,13
155|,25|,11
155|,363|,10
155|,83|,15
155|,212|,27
155|,215|,14
155|,340|,81
155|,192|,58
155|,217|,10
155|,213|,15
155|,190|,10
155|,220|,11
155|,191|,51
211|217.23,212|,11
357|,234|,11
228|,234|,15
215|22,340|,14
215|22,216|,18
215|22,211|,11
143|,191|143,108
143|,23|,21
143|,25|,92
143|,340|143,88
143|,83|,30
143|,192|,25
143|,190|,13
143|,220|,24
143|,84|,38
143|,211|,21
143|,234|,20
143|,210|,13
143|,233|,14
143|,363|,69
143|,342|,12
143|,212|,40
143|,215|,15
143|,364|,18
143|,217|,10
143|,213|,18
143|,205|,15
143|,21|,13
84|358,21|,11
375|222,222|375,20
196|209,340|,19
23|204,342|,11
23|204,217|23,14
23|204,368|,17
367|366,366|,10
367|366,220|,16
340|205,23|,17
340|205,212|,16
367|340,212|,13
234|23,84|,16
363|219,205|,14
363|219,21|,13
83|365,363|,16
83|365,234|83,11
83|365,21|,12
83|365,84|83,11
222|203,221|,14
340|143,342|,10
23|234,22|,10
217|234,342|,14
196|213,340|,19
196|213,217|,10
181|,22|,14
181|,180|,70
181|,220|,16
181|,23|,23
181|,212|,18
181|,83|,22
181|,153|,19
181|,368|,15
181|,27|,10
181|,216|,29
181|,29|,10
181|,209|,10
181|,193|,10
181|,211|,49
181|,366|,12
181|,215|,59
181|,191|,22
181|,158|,37
181|,196|,23
181|,84|,11
181|,222|,48
181|,163|,26
181|,210|,14
181|,162|,31
181|,157|,22
181|,363|,11
181|,342|,21
181|,160|,25
181|,341|,66
181|,152|,11
181|,340|,40
181|,214|,14
181|,375|,19
181|,217|,28
181|,164|,38
181|,21|,14
181|,159|181,46
181|,20|,10
181|,178|,20
207|197,21|,14
207|197,208|207,22
164|83,83|,31
222|208,221|,18
25|216,340|,11
178|83,83|,13
153|83,83|,29
222|84,341|,14
222|84,221|,24
210|202,342|,10
365|216,363|,12
365|216,210|,12
210|,205|210,1245
210|,299|,45
210|,22|,2112
210|,238|,10
210|,371|,10
210|,218|,171
210|,226|,11
210|,26|,14
210|,208|,745
210|,181|,19
210|,213|,77
210|,207|,476
210|,206|,72
210|,191|,27
210|,158|,42
210|,221|,275
210|,197|,35
210|,156|,10
210|,223|,35
210|,162|,16
210|,233|,31
210|,363|,2522
210|,342|,4621
210|,212|,393
210|,364|,40
210|,365|,1652
210|,340|,362
210|,214|,196
210|,367|,90
210|,229|,14
210|,83|210,284
210|,375|,21
210|,21|,4091
210|,216|,248
210|,204|,492
210|,23|,1063
210|,358|210,59
210|,369|,42
210|,159|,15
210|,25|,30
210|,219|,78
210|,368|,1101
210|,14|,10
210|,339|,709
210|,211|,646
210|,209|,2429
210|,16|,56
210|,180|,26
210|,190|,15
210|,201|,31
210|,220|,1022
210|,196|,84
210|,241|,10
210|,222|,530
210|,199|,24
210|,163|,11
210|,157|,12
210|,203|,895
210|,224|,10
210|,160|,15
210|,370|,13
210|,217|,1079
210|,234|210,317
210|,155|,10
210|,341|,241
210|,19|,169
210|,215|,126
210|,153|,22
210|,192|,20
210|,152|,20
210|,143|,15
210|,200|,20
210|,366|,2273
210|,84|,303
210|,164|,31
210|,278|,36
210|,202|,79
210|,20|,1741
233|,23|,14
233|,369|,27
233|,22|,13
233|,220|,13
233|,25|,11
233|,234|,33
233|,83|,29
233|,368|,13
233|,26|,18
233|,208|,11
233|,209|,16
233|,266|,10
233|,365|,65
233|,366|,29
233|,217|,12
233|,84|,60
233|,222|,10
233|,202|,11
233|,223|,28
233|,203|,23
233|,210|,35
233|,370|,13
233|,342|,28
233|,278|,58
233|,206|,17
233|,340|,14
233|,205|,98
233|,364|,22
233|,143|,16
233|,363|,205
233|,339|,33
233|,21|,46
233|,20|,28
233|,204|,35
89|,84|,35
89|,363|,26
89|,223|,11
89|,83|,14
89|,234|,24
217|339,23|,13
217|339,214|,10
217|339,342|,16
217|339,368|,13
20|16,21|,15
260|,83|,11
215|366,216|,14
182|83,83|,18
204|,22|,185
204|,83|204,127
204|,278|,15
204|,369|,14
204|,211|204,85
204|,218|,133
204|,208|,246
204|,222|204,161
204|,17|,25
204|,199|,15
204|,365|,640
204|,221|,41
204|,234|204,79
204|,197|,29
204|,202|,223
204|,223|,13
204|,210|,523
204|,233|,15
204|,200|,10
204|,342|,380
204|,364|,10
204|,206|,168
204|,340|,78
204|,214|,22
204|,358|,13
204|,367|,20
204|,339|,1605
204|,21|,708
204|,219|,54
204|,368|,99
204|,216|,34
204|,209|,164
204|,16|,133
204|,220|,160
204|,366|,285
204|,196|,25
204|,84|,76
204|,360|,10
204|,203|,1369
204|,213|,25
204|,201|,20
204|,341|,43
204|,19|,159
204|,215|,24
204|,212|204,91
204|,207|,273
204|,217|,118
204|,363|,1634
204|,205|,1882
204|,23|204,143
204|,20|,373
205|210,23|,11
205|210,22|,19
205|210,220|,11
205|210,21|205.210,88
205|210,368|,15
205|210,208|,23
205|210,209|,14
205|210,365|,67
205|210,366|,35
205|210,222|,13
205|210,211|,10
205|210,203|,151
205|210,210|,88
205|210,363|,243
205|210,342|,29
205|210,19|,10
205|210,206|,22
205|210,207|,18
205|210,204|,87
205|210,339|,94
205|210,83|205,14
205|210,20|,70
211|191,217|,13
217|19,342|,11
234|212,84|,11
191|143,190|,10
159|160,158|159,11
266|83,83|,16
27|,340|,10
27|,153|,14
27|,163|,11
27|,215|,15
27|,164|,10
27|,83|,16
27|,196|,11
26|83,83|,10
14|,208|,12
14|,207|,28
14|,219|,20
14|,199|,11
14|,218|,16
14|,209|,15
14|,21|,12
14|,197|,17
14|,20|,17
190|84,84|,13
222|83,221|,12
26|,84|,55
26|,223|,30
26|,210|,10
26|,233|,39
26|,363|,55
26|,83|,22
26|,278|,18
26|,365|,25
26|,205|,26
26|,234|,52
26|,21|,17
26|,20|,13
84|216,234|,10
143|191,191|143,27
143|191,25|,18
83|209,363|,10
83|209,234|83,13
83|209,21|,10
83|209,20|,13
161|,341|,13
196|363,340|,16
278|223,363|,16
224|84,84|,15
341|205,222|,12
341|205,214|,15
341|205,211|,13
342|219,210|,11
207|234,208|207,26
178|340,215|,12
168|,83|,11
369|363,84|,10
369|363,363|,15
341|220,222|,16
210|218,366|,14
210|218,342|,17
210|218,209|,16
210|218,365|,10
84|278,21|,10
342|217.363,217|,16
213|196,222|,13
213|196,212|,10
358|21,234|358,10
358|21,84|358,14
272|,83|,11
22|211.217,23|,12
363|367,205|,13
368|196,342|,15
242|,84|,10
242|,234|,12
183|,156|,11
183|,83|,25
158|,159|,56
158|,23|,40
158|,22|,28
158|,220|,19
158|,25|,11
158|,160|,26
158|,21|,32
158|,83|,24
158|,153|,12
158|,368|,13
158|,205|,17
158|,181|,22
158|,209|,16
158|,180|,29
158|,211|,69
158|,365|,25
158|,212|,14
158|,191|,22
158|,366|,28
158|,221|,28
158|,196|,36
158|,84|,32
158|,222|,105
158|,216|158,87
158|,163|,12
158|,234|,25
158|,210|,34
158|,162|,14
158|,213|,12
158|,341|158,169
158|,371|,21
158|,342|158,42
158|,215|,87
158|,340|,70
158|,214|,27
158|,375|,86
158|,217|,49
158|,363|,43
158|,164|,23
158|,20|,19
158|,178|,14
223|,339|,25
223|,369|,32
223|,22|,10
223|,220|,21
223|,23|,15
223|,83|,42
223|,84|223,172
223|,218|,11
223|,26|,30
223|,208|,11
223|,211|,12
223|,209|,19
223|,16|,20
223|,266|,24
223|,363|223,117
223|,365|,55
223|,366|,17
223|,202|,10
223|,234|,113
223|,210|,22
223|,203|,18
223|,233|,37
223|,342|,23
223|,224|,13
223|,212|,29
223|,278|223,119
223|,215|,10
223|,340|,17
223|,358|,19
223|,204|,25
223|,89|,13
223|,205|,48
223|,21|,48
223|,225|,12
223|,20|,21
223|,217|,20
83|217,21|,12
144|,83|,17
363|204.365,366|,11
363|,299|,21
363|,22|,972
363|,213|,97
363|,23|,633
363|,238|,24
363|,369|363,88
363|,221|,185
363|,218|,336
363|,196|363,75
363|,26|,27
363|,208|,1085
363|,181|,13
363|,278|363,101
363|,17|,11
363|,266|,19
363|,364|363,75
363|,365|,3136
363|,158|,46
363|,113|,12
363|,216|363,148
363|,197|,38
363|,202|,237
363|,162|,13
363|,233|,72
363|,200|,17
363|,225|,19
363|,212|,361
363|,206|,333
363|,340|,365
363|,214|,133
363|,358|,46
363|,229|,11
363|,83|363,243
363|,375|,14
363|,21|,2835
363|,223|363,72
363|,215|363,97
363|,204|,1656
363|,159|,27
363|,217|363,663
363|,367|363,84
363|,191|363,42
363|,25|,33
363|,288|,14
363|,219|,131
363|,368|,542
363|,339|,2060
363|,211|,408
363|,209|,853
363|,16|,133
363|,180|,20
363|,190|,16
363|,220|,796
363|,84|,257
363|,222|,389
363|,199|,32
363|,163|,17
363|,210|,2794
363|,203|,3031
363|,224|,31
363|,160|,20
363|,370|,25
363|,201|,36
363|,341|,165
363|,19|,322
363|,205|,5190
363|,207|,797
363|,192|,16
363|,143|,26
363|,89|,16
363|,366|,1503
363|,164|,24
363|,234|363,231
363|,342|,1653
363|,20|,2070
363|,178|,11
342|,371|,10
342|,369|,50
342|,218|,262
342|,208|,833
342|,181|,31
342|,199|,47
342|,152|,15
342|,221|,390
342|,197|,64
342|,156|,18
342|,162|,34
342|,233|,38
342|,200|,38
342|,225|,23
342|,278|,66
342|,365|,1131
342|,340|,568
342|,214|,373
342|,358|,29
342|,204|,320
342|,163|,30
342|,16|342,89
342|,23|,1587
342|,160|,26
342|,368|,2921
342|,339|,491
342|,211|,1195
342|,209|,4720
342|,180|,43
342|,149|,14
342|,190|,32
342|,84|342,277
342|,241|,13
342|,222|,628
342|,157|,29
342|,370|,17
342|,201|,40
342|,226|,18
342|,19|,156
342|,113|,13
342|,364|,42
342|,375|,43
342|,217|,2944
342|,213|,131
342|,205|,961
342|,178|,33
342|,299|,47
342|,22|,3175
342|,198|,14
342|,26|,20
342|,158|,49
342|,202|,112
342|,223|,53
342|,83|342,336
342|,191|342,51
342|,266|,18
342|,212|,599
342|,153|,28
342|,206|,77
342|,367|,112
342|,216|,491
342|,21|,4387
342|,25|,62
342|,219|,126
342|,151|,15
342|,192|,39
342|,220|,1086
342|,182|,17
342|,196|,113
342|,159|,28
342|,372|,11
342|,234|,243
342|,210|,4353
342|,203|,627
342|,224|,19
342|,155|,25
342|,341|,426
342|,215|,272
342|,207|,527
342|,143|,33
342|,363|,1645
342|,366|,1379
342|,164|,54
342|,20|,2141
212|,199|,20
212|,160|,19
212|,369|,17
212|,196|212,142
212|,218|,47
212|,208|,82
212|,181|,24
212|,22|,579
212|,222|212,209
212|,365|,339
212|,191|,58
212|,158|,24
212|,221|,85
212|,207|212,61
212|,202|,33
212|,223|,26
212|,210|,430
212|,233|,18
212|,363|,334
212|,342|,632
212|,278|,22
212|,364|,19
212|,206|,11
212|,340|,1024
212|,156|,51
212|,204|,92
212|,339|,125
212|,21|,309
212|,234|212,53
212|,217|,582
212|,23|,1222
212|,83|,71
212|,159|,14
212|,25|,48
212|,219|,23
212|,153|,30
212|,368|,450
212|,216|,167
212|,163|,24
212|,209|,248
212|,16|,31
212|,180|,17
212|,375|,27
212|,190|,47
212|,220|,1079
212|,182|,15
212|,366|,669
212|,214|212,66
212|,192|,54
212|,211|,565
212|,157|,29
212|,203|,76
212|,213|,190
212|,155|,15
212|,341|,128
212|,19|,29
212|,367|,117
212|,162|,21
212|,143|,27
212|,205|,183
212|,84|,51
212|,164|,39
212|,215|212,181
212|,20|,144
212|,178|,29
231|,83|,20
215|21,340|,12
215|21,23|,10
215|21,211|,18
215|21,216|,19
215|21,21|,13
262|,83|,29
191|23,340|,14
84|83,21|,15
84|83,83|84,41
84|83,210|,10
84|83,342|,14
84|83,20|,11
84|83,365|,14
190|25,191|190,22
212|203,340|,10
217|367,342|,12
288|,84|,16
288|,83|,22
288|,234|,20
288|,229|,10
174|,83|,10
66|,214|,17
216|366,211|,21
16|342,339|,13
366|,199|,12
366|,155|,22
366|,278|,33
366|,369|,25
366|,218|,61
366|,221|366,151
366|,26|,11
366|,208|,197
366|,22|,1199
366|,365|,1769
366|,191|,13
366|,158|,25
366|,215|366,87
366|,197|,29
366|,202|,60
366|,223|,26
366|,84|366,137
366|,210|,1906
366|,233|,29
366|,200|,11
366|,342|,1564
366|,212|,512
366|,364|,31
366|,206|,54
366|,340|,369
366|,214|,85
366|,358|,22
366|,204|,345
366|,234|366,121
366|,375|,17
366|,21|,1055
366|,196|366,56
366|,23|,595
366|,159|,12
366|,25|,26
366|,219|,35
366|,153|,14
366|,368|,487
366|,216|366,111
366|,339|,297
366|,192|,12
366|,209|,510
366|,16|,33
366|,180|,14
366|,220|,1209
366|,222|,352
366|,211|,370
366|,203|,326
366|,224|,15
366|,213|,77
366|,201|,12
366|,341|,105
366|,19|,42
366|,207|,147
366|,217|,430
366|,363|,1609
366|,205|,739
366|,164|,26
366|,83|366,197
366|,367|366,115
366|,20|,406
29|,162|,14
16|,19|16,93
16|,219|,179
16|,22|,17
16|,212|,13
16|,83|,30
16|,218|,261
16|,201|16,60
16|,208|,115
16|,211|,15
16|,209|,51
16|,368|,14
16|,17|,23
16|,199|,35
16|,220|,19
16|,366|,26
16|,84|,32
16|,222|,14
16|,197|,14
16|,202|,444
16|,234|,31
16|,203|,245
16|,210|,53
16|,200|,57
16|,342|,45
16|,20|16,88
16|,365|,48
16|,340|,10
16|,207|,163
16|,204|,106
16|,205|16,140
16|,363|,148
16|,339|,487
16|,21|,129
16|,217|,21
215|368,216|,20
215|368,217|,11
21|206,20|,11
158|84,84|,10
221|203,214|,10
234|341,84|,13
207|214,209|,10
207|214,208|207,13
203|,22|,299
203|,222|203,127
203|,278|,24
203|,369|,16
203|,218|,311
203|,208|,646
203|,212|203,96
203|,199|,35
203|,211|203,157
203|,365|,661
203|,191|,10
203|,158|,12
203|,363|203,3150
203|,197|,35
203|,202|,226
203|,223|,21
203|,221|203,60
203|,210|,1035
203|,233|,20
203|,200|,34
203|,342|,669
203|,364|,13
203|,206|,126
203|,214|,57
203|,358|,17
203|,204|,1203
203|,339|,2636
203|,21|,1684
203|,367|,19
203|,23|,199
203|,83|,108
203|,25|,13
203|,219|,127
203|,368|,189
203|,216|,49
203|,209|,367
203|,16|,162
203|,180|,10
203|,220|,164
203|,366|,274
203|,196|,22
203|,84|,72
203|,234|,75
203|,213|,21
203|,201|,38
203|,341|,58
203|,19|,451
203|,215|,29
203|,207|,759
203|,217|,214
203|,205|,2785
203|,340|203,89
203|,20|,1356
257|,83|,22
216|208,211|,15
279|,83|,11
22|215,340|,11
22|215,342|,23
22|215,21|,13
22|215,210|,10
215|164,217|,11
211|213,23|,16
211|213,217|,23
369|83,83|,14
281|,84|,28
281|,363|,16
281|,83|,22
281|,234|,31
281|,365|,10
211|207,217|,13
151|,340|,12
151|,222|,12
151|,211|,12
151|,158|,11
151|,83|,10
151|,341|,21
151|,215|,11
381|,83|,14
223|83,83|,18
83|366,234|83,14
83|366,21|,15
212|234,220|,12
20|,266|,16
20|,299|,60
20|,22|,640
20|,364|,40
20|,198|,17
20|,160|,12
20|,218|,617
20|,341|,144
20|,26|,12
20|,208|,3264
20|,181|,19
20|,84|20,268
20|,199|,80
20|,365|,748
20|,191|,29
20|,158|,30
20|,221|,203
20|,197|,76
20|,202|,127
20|,223|,57
20|,234|20,236
20|,162|,10
20|,233|,46
20|,200|,52
20|,342|,2430
20|,212|,210
20|,207|,1621
20|,206|,67
20|,340|,223
20|,214|,168
20|,358|,34
20|,367|,27
20|,375|,12
20|,21|,5567
20|,216|,188
20|,204|,416
20|,23|,452
20|,369|,47
20|,215|20,100
20|,25|,25
20|,219|,199
20|,368|,627
20|,14|,14
20|,339|,679
20|,211|,421
20|,209|,2599
20|,16|,83
20|,180|,11
20|,190|,13
20|,113|,17
20|,220|,274
20|,196|,51
20|,159|,15
20|,222|,294
20|,163|,11
20|,210|,2166
20|,203|,1093
20|,224|,20
20|,213|,40
20|,217|,1064
20|,201|,52
20|,226|,15
20|,19|,481
20|,205|,1217
20|,153|,16
20|,192|,16
20|,143|,26
20|,363|,2336
20|,366|,432
20|,83|20,280
20|,164|,22
20|,278|,55
20|,178|,15
196|220,340|,16
368|84,217|,12
340|221,23|,13
340|221,212|,15
238|,84|,19
238|,363|,17
238|,83|,40
238|,234|,38
238|,281|,10
156|83,83|,25
365|214,363|,11
208|,299|,19
208|,23|,202
208|,278|,17
208|,369|,19
208|,218|,711
208|,84|208,87
208|,199|208,70
208|,222|208,101
208|,22|,255
208|,206|,55
208|,221|,130
208|,113|,28
208|,202|,94
208|,223|,19
208|,210|,705
208|,200|,52
208|,225|,14
208|,365|,303
208|,340|,67
208|,214|,105
208|,358|,12
208|,204|,234
208|,21|,2239
208|,367|,15
208|,198|,14
208|,83|,119
208|,219|,305
208|,197|,91
208|,368|,227
208|,14|,12
208|,339|,519
208|,209|,1792
208|,16|,110
208|,220|208,117
208|,212|208,61
208|,366|,185
208|,196|,14
208|,211|,143
208|,234|,82
208|,203|,661
208|,224|,11
208|,216|208,56
208|,213|,20
208|,201|,35
208|,341|,57
208|,19|,426
208|,215|,31
208|,207|,2660
208|,217|,419
208|,363|,1031
208|,205|,794
208|,164|,11
208|,342|,783
208|,20|,4297
369|84,84|,18
49|,83|,11
193|,340|,16
193|,215|,13
193|,196|,12
365|341,363|,17
365|341,210|,13
240|,83|,13
83|207,363|,12
156|,23|,15
156|,25|,30
156|,212|,39
156|,191|156,76
156|,83|,44
156|,192|,34
156|,190|,89
156|,365|,11
156|,84|,17
156|,211|,15
156|,234|,10
156|,210|,12
156|,363|,11
156|,342|,15
156|,155|,19
156|,215|,25
156|,217|,20
156|,340|156,68
156|,213|,14
156|,21|,10
156|,204|,12
388|,83|,15
373|,83|,12
213|368,340|,25
225|,340|,15
225|,84|,64
225|,83|,27
225|,234|,42
225|,224|,11
225|,205|,10
225|,363|,29
225|,369|,10
225|,226|,22
225|,365|,12
146|,83|,14
216|196,211|,14
365|,339|,517
365|,266|,12
365|,299|,23
365|,22|,736
365|,241|,13
365|,83|365,191
365|,212|,354
365|,369|,36
365|,218|,121
365|,226|,13
365|,26|,17
365|,208|,310
365|,160|,15
365|,213|,56
365|,199|,17
365|,191|,22
365|,158|,30
365|,221|,135
365|,197|,24
365|,202|,90
365|,223|,36
365|,210|,1807
365|,233|,28
365|,200|,16
365|,342|,1260
365|,204|365,634
365|,364|,33
365|,206|,87
365|,340|,301
365|,214|,97
365|,358|,22
365|,229|,12
365|,164|,23
365|,21|,1378
365|,23|,435
365|,216|365,107
365|,278|365,72
365|,159|,11
365|,25|,27
365|,219|,42
365|,153|,10
365|,368|,339
365|,205|,1431
365|,163|,14
365|,209|,576
365|,16|,49
365|,180|,17
365|,190|,16
365|,220|,744
365|,196|,54
365|,234|365,212
365|,222|,325
365|,211|,273
365|,367|365,69
365|,203|,595
365|,224|,13
365|,143|,10
365|,370|,12
365|,84|365,201
365|,215|365,78
365|,201|,19
365|,341|,113
365|,19|,79
365|,207|,228
365|,192|,19
365|,217|,397
365|,363|,2758
365|,366|,1482
365|,20|,624
340|,367|340,66
340|,299|,16
340|,199|,12
340|,204|,94
340|,372|,17
340|,212|,1239
340|,369|,22
340|,218|,53
340|,341|,208
340|,208|,88
340|,181|,49
340|,19|,23
340|,183|,12
340|,207|,64
340|,152|,17
340|,158|,50
340|,203|340,85
340|,178|340,62
340|,234|340,53
340|,202|,27
340|,223|,32
340|,162|,25
340|,233|,25
340|,363|,326
340|,225|,10
340|,278|,33
340|,206|,10
340|,365|,259
340|,156|,57
340|,214|,147
340|,358|,10
340|,221|340,115
340|,216|,331
340|,21|,300
340|,23|,1168
340|,143|340,62
340|,371|,14
340|,159|,21
340|,25|,127
340|,219|,19
340|,27|,12
340|,368|,437
340|,339|,86
340|,163|,36
340|,209|,290
340|,16|,33
340|,180|,36
340|,149|,24
340|,375|,27
340|,190|,84
340|,201|,14
340|,220|,740
340|,182|,17
340|,366|,565
340|,83|,117
340|,196|,255
340|,84|,67
340|,222|,352
340|,210|,376
340|,211|,1154
340|,157|,49
340|,224|,17
340|,160|,31
340|,213|,257
340|,364|,18
340|,155|,36
340|,226|,10
340|,22|,482
340|,215|,381
340|,153|,43
340|,192|,111
340|,217|,773
340|,191|340,150
340|,205|,174
340|,164|,40
340|,342|,624
340|,20|,191
234|340,84|,10
214|,365|214,87
214|,299|,13
214|,22|,177
214|,83|,30
214|,218|,33
214|,208|,88
214|,191|,19
214|,158|,24
214|,221|,601
214|,210|,246
214|,363|,116
214|,342|,411
214|,366|214,79
214|,204|,23
214|,339|,37
214|,21|,290
214|,23|,251
214|,340|214,143
214|,25|,10
214|,216|,301
214|,368|,291
214|,205|,71
214|,163|,11
214|,209|,283
214|,220|214,79
214|,84|,17
214|,196|,37
214|,159|,14
214|,222|,310
214|,211|,579
214|,234|,24
214|,207|214,62
214|,203|,40
214|,213|,27
214|,212|214,97
214|,341|,494
214|,215|,70
214|,153|,11
214|,375|,11
214|,217|,1116
214|,164|,22
214|,20|,143
236|,340|,14
236|,190|,11
236|,84|,11
236|,83|,13
236|,191|,22
234|366,84|,12
342|202,209|,10
23|83,22|,10
40|,83|,79
198|,208|,17
198|,207|,26
198|,219|,24
198|,199|,11
198|,218|,13
198|,209|,12
198|,21|,12
198|,197|,11
198|,20|,23
143|340,340|143,11
25|191,340|,11
25|191,191|,40
191|211,340|,19
215|220,340|,12
215|220,211|,10
215|220,217|,13
220|208,366|,25
220|208,23|,10
220|208,22|,11
205|369,204|,12
149|,181|,10
149|,340|,21
149|,153|,14
149|,163|,10
149|,216|,10
149|,84|,12
149|,83|,35
149|,191|,16
149|,192|,10
149|,215|,18
19|202,20|,14
158|159,341|158,12
367|368,366|,12
342|158,209|,10
84|,190|84,27
84|,238|,12
84|,160|,17
84|,218|,75
84|,181|,24
84|,369|84,65
84|,221|,70
84|,197|,23
84|,156|,16
84|,210|,328
84|,89|,17
84|,225|,21
84|,214|,15
84|,365|,264
84|,233|84,52
84|,217|84,87
84|,358|,88
84|,204|,153
84|,229|,11
84|,23|,84
84|,216|,42
84|,163|,10
84|,209|,170
84|,180|,30
84|,149|,16
84|,220|84,81
84|,253|,15
84|,241|,12
84|,157|,15
84|,213|,25
84|,232|,23
84|,201|,13
84|,226|,18
84|,19|,26
84|,224|84,48
84|,153|,16
84|,375|,12
84|,368|84,59
84|,205|,165
84|,287|,14
84|,178|,20
84|,223|84,87
84|,199|,22
84|,278|84,117
84|,340|84,99
84|,26|,39
84|,83|84,245
84|,183|,11
84|,191|,26
84|,22|84,91
84|,202|,53
84|,266|,20
84|,342|,252
84|,212|,68
84|,364|,27
84|,206|,18
84|,367|,13
84|,339|,135
84|,363|,390
84|,21|,496
84|,288|,10
84|,219|,44
84|,208|84,88
84|,222|84,147
84|,192|,16
84|,16|,41
84|,158|84,28
84|,196|,11
84|,159|,11
84|,211|,63
84|,234|,693
84|,162|,12
84|,203|,105
84|,25|84,31
84|,341|,48
84|,215|,22
84|,207|,87
84|,281|,12
84|,143|,13
84|,200|,16
84|,366|,149
84|,164|,32
84|,20|,270
314|,83|,14
211|339,217|,17
84|22,234|,15
365|215,363|,13
201|,339|,75
201|,219|,101
201|,199|,19
201|,83|,15
201|,218|,118
201|,208|,32
201|,209|,19
201|,16|,165
201|,207|201,55
201|,202|,62
201|,210|,13
201|,203|,33
201|,200|,56
201|,342|,11
201|,19|,34
201|,217|,18
201|,363|,38
201|,205|,28
201|,21|,43
201|,20|,42
201|,204|,10
234|84.21,21|,16
234|84.21,210|,18
249|,83|,13
287|,84|,33
287|,83|,17
287|,234|,22
278|83,83|,14
215|212,340|,13
215|212,23|,11
215|212,216|,20
215|212,212|,12
215|212,217|,12
84|365,83|84,11
84|365,234|,32
84|365,210|,10
84|365,363|,14
84|365,365|,16
178|,23|,18
178|,22|,13
178|,25|,15
178|,83|,29
178|,368|,11
178|,216|,24
178|,163|,38
178|,180|,62
178|,220|,16
178|,191|,43
178|,158|,16
178|,196|,36
178|,84|,21
178|,222|,23
178|,211|,31
178|,157|,13
178|,212|,20
178|,341|,33
178|,215|,69
178|,340|,73
178|,192|,21
178|,217|,17
178|,366|,12
368|21,23|368.21,96
368|21,22|,77
368|21,216|,15
368|21,208|,11
368|21,209|,53
368|21,220|,23
368|21,366|,18
368|21,221|,12
368|21,222|,10
368|21,211|368,44
368|21,210|,51
368|21,203|,10
368|21,363|,24
368|21,342|,132
368|21,212|,13
368|21,214|,13
368|21,365|,13
368|21,340|,12
368|21,207|,10
368|21,217|,125
368|21,205|,13
368|21,21|,55
368|21,20|,21
368|367,217|,10
217|363,23|,47
217|363,22|,28
217|363,210|,31
217|363,342|217.363,89
217|363,363|,13
217|363,212|,13
217|363,21|,25
217|363,368|,73
217|363,341|,12
217|363,340|,20
217|363,216|,15
217|363,214|,16
217|363,209|,52
217|363,20|,17
217|363,211|217,39
217|363,205|,10
217|363,220|,11
217|363,221|,14
22|,299|,23
22|,199|,13
22|,204|,179
22|,163|,25
22|,201|,17
22|,369|,21
22|,218|,100
22|,26|,12
22|,208|,250
22|,181|,20
22|,365|,554
22|,191|,28
22|,158|,41
22|,221|,184
22|,234|22,109
22|,197|,13
22|,223|,26
22|,162|,15
22|,233|,15
22|,363|,841
22|,342|,3101
22|,212|,515
22|,207|,205
22|,206|,17
22|,340|,410
22|,214|,190
22|,358|,14
22|,367|,104
22|,216|,222
22|,213|22,88
22|,21|,1313
22|,143|,22
22|,202|22,38
22|,23|,1241
22|,159|,21
22|,25|,32
22|,219|,40
22|,368|,1568
22|,339|,214
22|,192|,17
22|,209|,899
22|,16|,30
22|,180|,15
22|,83|22,118
22|,190|,11
22|,220|,1175
22|,366|,988
22|,210|,2163
22|,196|,73
22|,222|,268
22|,211|,724
22|,157|,16
22|,203|,274
22|,160|,15
22|,364|,30
22|,155|,10
22|,341|,188
22|,19|,62
22|,153|,22
22|,375|,20
22|,215|22,123
22|,217|,1131
22|,84|22,105
22|,205|,414
22|,164|,24
22|,278|,34
22|,20|,536
22|,178|,25
83|,34|,10
83|,241|,85
83|,238|,33
83|,156|83,39
83|,218|,101
83|,61|,11
83|,208|,104
83|,26|83,29
83|,49|,11
83|,164|83,71
83|,199|,31
83|,250|,17
83|,152|,15
83|,364|83,50
83|,240|,15
83|,274|,10
83|,197|,29
83|,181|83,27
83|,388|,12
83|,151|,10
83|,210|,259
83|,203|83,87
83|,200|,18
83|,146|,13
83|,182|83,26
83|,89|,13
83|,260|,13
83|,214|,24
83|,358|,54
83|,225|83,29
83|,229|,35
83|,142|,16
83|,204|83,113
83|,234|83,350
83|,23|83,87
83|,367|,13
83|,40|,92
83|,266|83,26
83|,273|,38
83|,368|,78
83|,169|,17
83|,211|,92
83|,209|,210
83|,190|83,33
83|,180|,33
83|,149|,33
83|,174|,14
83|,253|,13
83|,351|,11
83|,314|,13
83|,360|,10
83|,160|,30
83|,370|,17
83|,232|,31
83|,201|,10
83|,226|,15
83|,19|,21
83|,113|,15
83|,191|83,36
83|,375|,17
83|,217|,136
83|,213|,34
83|,205|,164
83|,143|83,31
83|,287|,15
83|,233|83,56
83|,339|,136
83|,299|,15
83|,216|83,53
83|,25|83,60
83|,272|,10
83|,365|,215
83|,168|,11
83|,153|83,47
83|,224|83,35
83|,183|,15
83|,215|,38
83|,158|,32
83|,252|,29
83|,202|,33
83|,145|,11
83|,187|,10
83|,144|,13
83|,157|83,37
83|,363|,318
83|,342|,315
83|,236|,11
83|,212|,74
83|,231|,25
83|,206|,19
83|,227|,12
83|,140|,11
83|,178|83,29
83|,262|,35
83|,21|,509
83|,37|,14
83|,221|83,57
83|,220|83,96
83|,163|83,25
83|,239|,11
83|,288|,19
83|,219|,43
83|,278|83,73
83|,249|,11
83|,192|,24
83|,222|83,117
83|,251|,13
83|,366|,190
83|,16|83,52
83|,22|83,106
83|,261|,15
83|,196|,32
83|,159|,21
83|,162|,18
83|,257|,25
83|,186|,13
83|,279|,10
83|,155|,23
83|,341|,67
83|,340|83,98
83|,259|,18
83|,230|,17
83|,207|,125
83|,369|83,57
83|,281|,27
83|,263|,24
83|,381|,18
83|,223|83,42
83|,84|83,242
83|,20|,325
210|213,21|,12
339|16.339,210|,10
22|367,342|,16
83|241,342|,12
224|83,83|,16
276|,84|,10
191|,22|,21
191|,160|,17
191|,83|,31
191|,183|,15
191|,158|,21
191|,156|,124
191|,210|,15
191|,233|,11
191|,363|,24
191|,342|,34
191|,212|,95
191|,364|,10
191|,365|,14
191|,340|,306
191|,214|,10
191|,204|,12
191|,216|,29
191|,21|,20
191|,217|,50
191|,23|,63
191|,369|,11
191|,25|191,190
191|,159|,13
191|,339|,13
191|,143|191,107
191|,368|,27
191|,375|,15
191|,192|,105
191|,209|,16
191|,180|,15
191|,190|,177
191|,220|,38
191|,366|,32
191|,236|,30
191|,196|,30
191|,84|,40
191|,222|,14
191|,211|191,87
191|,163|,16
191|,234|,27
191|,162|,14
191|,157|,44
191|,213|,66
191|,155|,27
191|,341|,16
191|,215|,56
191|,45|,47
191|,153|,33
191|,205|,13
191|,164|,14
191|,20|,20
191|,178|,46
196|21,340|,15
223|234,84|223,13
223|234,234|,14
342|367,21|,10
342|367,209|,12
191|342,340|,11
157|83,83|,22
365|206,363|,17
371|,340|,20
371|,222|,80
371|,375|,23
371|,342|,11
371|,21|,10
371|,212|,10
371|,341|,32
371|,158|,10
234|358,21|,11
227|,83|,13
140|,83|,13
140|,215|,11
367|,23|,166
367|,368|367,74
367|,220|,255
367|,217|367,49
367|,83|,19
367|,342|367,81
367|,339|,14
367|,363|367,63
367|,209|,36
367|,22|367,89
367|,365|,56
367|,366|,140
367|,221|,13
367|,196|,10
367|,222|,57
367|,211|,41
367|,203|,10
367|,210|367,75
367|,212|,226
367|,341|,17
367|,215|,16
367|,340|,79
367|,204|,16
367|,213|,23
367|,205|,26
367|,21|,49
367|,216|,10
367|,20|,14
278|365,363|,17
234|207,84|,12
339|,199|,40
339|,84|339,110
339|,278|,22
339|,369|,19
339|,218|,480
339|,208|,459
339|,340|339,82
339|,17|,21
339|,22|,209
339|,365|,513
339|,191|,10
339|,221|,66
339|,197|,40
339|,202|,647
339|,223|,15
339|,210|,690
339|,233|,18
339|,200|,41
339|,342|,492
339|,212|,107
339|,364|,14
339|,206|,93
339|,115|,15
339|,214|,45
339|,358|,15
339|,204|,1418
339|,216|,37
339|,21|,1164
339|,83|339,136
339|,367|,14
339|,23|339,111
339|,25|,10
339|,234|339,96
339|,16|339,403
339|,219|,180
339|,368|,123
339|,366|,213
339|,209|,265
339|,211|339,103
339|,220|,153
339|,196|,22
339|,222|339,108
339|,203|,2940
339|,213|,19
339|,201|,48
339|,341|,45
339|,19|,558
339|,215|,20
339|,207|,798
339|,363|,2173
339|,205|,2056
339|,217|339,153
339|,20|,792
223|363,363|223,13
223|363,84|223,11
234|209,84|,30
234|209,83|234,10
234|209,21|,12
191|217,340|,12
191|217,217|,10
84|222,234|,17
216|365,211|,15
367|363,220|,18
22|234,342|,19
22|234,210|,12
340|192,366|,12
340|192,211|,21
340|192,212|,23
340|192,217|,16
340|192,220|,13
220|196,366|,19
220|196,365|,11
340|156,217|,10
366|216,363|,15
366|216,210|,15
366|216,365|,20
234|365,84|,40
234|365,83|234,17
234|365,363|,17
234|365,21|,15
234|365,278|,10
22|83,342|,20
220|,341|220,109
220|,199|,10
220|,155|,14
220|,278|,31
220|,369|,20
220|,218|,50
220|,26|,15
220|,208|,122
220|,181|,15
220|,22|,1192
220|,365|,797
220|,191|,18
220|,158|,26
220|,197|,23
220|,202|,39
220|,223|,25
220|,210|,896
220|,233|,17
220|,200|,10
220|,342|,1131
220|,212|,822
220|,207|,79
220|,206|,26
220|,340|,565
220|,214|,82
220|,204|,172
220|,339|,132
220|,21|,558
220|,367|,177
220|,23|,1071
220|,83|,93
220|,25|,14
220|,219|,24
220|,84|220,68
220|,153|,11
220|,368|,680
220|,215|220,135
220|,375|,11
220|,192|,15
220|,209|,360
220|,16|,31
220|,180|,25
220|,366|,1801
220|,222|,230
220|,211|,453
220|,234|,68
220|,216|220,113
220|,203|,157
220|,213|,98
220|,201|,12
220|,19|,38
220|,221|220,88
220|,364|,15
220|,217|,506
220|,363|,739
220|,205|,349
220|,164|,17
220|,20|,221
220|,196|220,76
23|211.368,22|,14
234|205,363|,11
211|,299|,20
211|,199|,21
211|,204|,112
211|,163|,23
211|,155|,16
211|,212|,607
211|,369|,21
211|,218|,80
211|,208|,185
211|,181|,34
211|,19|,38
211|,84|211,63
211|,207|,131
211|,152|,22
211|,158|,51
211|,221|,302
211|,197|,19
211|,156|,32
211|,223|,22
211|,162|,29
211|,206|,14
211|,266|,10
211|,342|,1313
211|,278|,33
211|,364|,21
211|,365|,224
211|,340|,853
211|,214|,370
211|,358|,10
211|,367|,65
211|,164|,57
211|,363|,333
211|,21|,692
211|,216|,894
211|,143|,32
211|,23|,1609
211|,83|,96
211|,159|,35
211|,25|,50
211|,191|211,73
211|,219|,23
211|,27|,13
211|,368|,1179
211|,339|,119
211|,29|,11
211|,209|,599
211|,16|,41
211|,180|,36
211|,149|,13
211|,375|,34
211|,190|,39
211|,220|,515
211|,182|,14
211|,366|,345
211|,210|,716
211|,196|,145
211|,222|,425
211|,372|,12
211|,234|,45
211|,157|,26
211|,203|,144
211|,160|,25
211|,213|,135
211|,201|,14
211|,341|,464
211|,22|,712
211|,215|,247
211|,153|,38
211|,192|,52
211|,217|,2461
211|,200|,17
211|,205|,220
211|,202|,29
211|,20|,382
211|,178|,29
234|,220|234,64
234|,369|,39
234|,218|,81
234|,208|,81
234|,181|,13
234|,152|,10
234|,221|,73
234|,197|,14
234|,156|,11
234|,162|,11
234|,233|,48
234|,200|,14
234|,225|,14
234|,278|,112
234|,365|,270
234|,214|,24
234|,204|,122
234|,229|,13
234|,83|234,257
234|,222|234,137
234|,216|,42
234|,211|,56
234|,209|,148
234|,217|234,89
234|,180|,30
234|,190|,25
234|,241|,10
234|,23|234,85
234|,157|,14
234|,213|,22
234|,232|,18
234|,201|,18
234|,226|,15
234|,19|,19
234|,113|,11
234|,364|,31
234|,207|234,99
234|,205|,171
234|,178|,18
234|,339|,106
234|,199|,20
234|,26|,32
234|,340|234,74
234|,368|234,57
234|,191|,29
234|,158|,28
234|,202|,45
234|,223|234,88
234|,363|,403
234|,342|,193
234|,160|,18
234|,153|,19
234|,206|,15
234|,358|234,94
234|,367|,13
234|,375|,11
234|,21|,470
234|,22|234,107
234|,25|,22
234|,219|,37
234|,192|,16
234|,16|,48
234|,84|,711
234|,196|,17
234|,159|,14
234|,163|,13
234|,210|,329
234|,203|,88
234|,224|,38
234|,155|,12
234|,341|,48
234|,215|,15
234|,228|,10
234|,266|,22
234|,366|,167
234|,164|,27
234|,212|234,58
234|,20|,214
222|339,341|,11
21|196,20|,10
25|217,340|,11
259|,83|,13
221|220,214|,19
45|,340|,21
45|,190|,24
45|,156|,10
45|,191|,21
45|,25|,10
207|,299|,22
207|,199|,105
207|,369|,14
207|,218|,1594
207|,22|,178
207|,206|,35
207|,191|,14
207|,83|207,123
207|,197|,111
207|,223|,12
207|,210|,419
207|,200|,92
207|,342|,498
207|,212|,53
207|,365|,187
207|,340|,52
207|,221|207,67
207|,214|,55
207|,358|,17
207|,23|207,111
207|,113|,21
207|,202|207,126
207|,234|207,81
207|,339|,634
207|,21|,1350
207|,204|,272
207|,198|,13
207|,219|,507
207|,368|,169
207|,14|,12
207|,220|207,70
207|,216|,43
207|,84|207,94
207|,209|,933
207|,16|,155
207|,366|,113
207|,196|,21
207|,222|,81
207|,208|207,3307
207|,203|,781
207|,213|,15
207|,201|,42
207|,341|,39
207|,19|,715
207|,215|,21
207|,217|,285
207|,211|207,93
207|,363|,737
207|,205|,607
207|,20|,2336
84|207,363|,10
143|83,83|,19
83|20,207|,10
83|20,84|83,11
83|20,366|,13
83|20,363|,19
83|20,342|,12
83|20,21|,12
83|20,234|83,20
83|20,20|,15
210|367,342|,11
365|369,220|,10
159|181,158|159,10
191|215,340|,17
84|223,342|,10
84|223,21|,11
84|223,222|84,13
181|83,83|,11
369|,23|,11
369|,22|,17
369|,212|,14
369|,83|,34
369|,368|,12
369|,61|,10
369|,211|,15
369|,209|,21
369|,205|369,64
369|,223|,35
369|,220|,18
369|,366|,32
369|,365|369,96
369|,84|,74
369|,202|,10
369|,234|,56
369|,203|,25
369|,233|,60
369|,210|369,40
369|,363|,189
369|,342|,34
369|,224|,29
369|,278|,53
369|,226|,12
369|,340|,24
369|,204|,21
369|,370|,12
369|,339|,26
369|,21|,53
369|,20|,28
369|,217|,22
341|180,211|,11
218|,22|,90
218|,210|218,177
218|,83|,76
218|,208|,1010
218|,199|,100
218|,221|,27
218|,197|,61
218|,202|,164
218|,200|,108
218|,342|,198
218|,212|,31
218|,206|,17
218|,340|,20
218|,214|,27
218|,358|,12
218|,113|,27
218|,339|,483
218|,21|,538
218|,216|,18
218|,204|,105
218|,23|,40
218|,219|,584
218|,368|,55
218|,205|,228
218|,234|218,45
218|,209|,356
218|,16|,196
218|,365|218,81
218|,220|,44
218|,84|,63
218|,222|,26
218|,211|,52
218|,203|,345
218|,201|,61
218|,341|,14
218|,19|,509
218|,215|,11
218|,207|,2031
218|,217|,152
218|,363|,312
218|,366|,58
218|,20|,832
129|,219|,13
129|,209|,10
216|83,211|,12
84|211,363|,11
215|209,340|,10
215|209,216|,19
215|209,211|,12
250|,83|,28
367|222,220|,16
113|,197|,14
113|,199|,46
113|,363|,11
113|,219|,48
113|,218|,38
113|,208|,21
113|,207|,35
113|,209|,19
113|,200|,31
113|,339|,14
113|,21|,12
113|,20|,10
203|340,205|,13
216|363,342|,16
216|363,211|,20
216|363,217|,15
197|,339|,15
197|,219|,154
197|,199|,127
197|,204|,10
197|,83|,10
197|,368|,13
197|,208|,78
197|,16|,11
197|,113|,65
197|,218|,112
197|,203|,14
197|,363|,22
197|,342|,35
197|,209|197,67
197|,217|,22
197|,200|,103
197|,205|,19
197|,21|,51
197|,20|,66
197|,207|197,134
162|,159|,34
162|,222|,32
162|,211|,22
162|,363|,10
162|,83|,18
162|,160|,52
162|,216|,24
162|,215|,30
162|,340|,37
162|,375|,14
162|,181|,56
162|,217|,18
162|,180|,27
162|,164|,33
162|,341|,38
162|,191|,10
162|,158|,24
162|,196|,15
84|368,363|,10
84|368,234|,10
16|19,339|,14
366|214,365|,11
152|,181|,17
152|,222|,16
152|,211|,16
152|,159|,10
152|,162|,13
152|,340|,18
152|,216|,20
152|,164|,46
152|,160|,19
152|,341|,24
152|,215|,23
173|,83|,10
341|375,222|,10
358|,339|,24
358|,22|,19
358|,23|,10
358|,212|,10
358|,83|,30
358|,218|,13
358|,208|,24
358|,368|,13
358|,223|,28
358|,220|,12
358|,366|,22
358|,221|,17
358|,222|,33
358|,211|,14
358|,203|,14
358|,210|,48
358|,363|,73
358|,342|,23
358|,278|,14
358|,234|358,77
358|,365|,43
358|,340|,10
358|,207|,19
358|,204|,12
358|,84|358,91
358|,266|,25
358|,205|,22
358|,21|,68
358|,20|,20
358|,217|,10
225|83,83|,15
229|,84|,22
229|,363|,18
229|,83|,38
229|,234|,47
229|,238|,13
209|197,342|,11
142|,83|,10
142|,162|,10
204|83,339|,10
204|83,363|,12
204|83,205|,18
204|83,83|204,12
234|83,83|234,42
234|83,21|,35
234|83,209|,14
234|83,210|,26
234|83,366|,10
234|83,363|,14
234|83,342|,10
234|83,20|,17
234|83,365|,19
207|201,20|,13
83|339,363|,10
234|218,84|,10
202|22,363|,10
222|234,341|,17
222|234,221|,13
234|210,84|,66
234|210,21|,20
234|210,210|,20
234|210,83|234,23
234|210,363|,28
205|16,363|,27
16|339,19|16,14
16|339,218|,30
16|339,202|,67
16|339,205|16,16
16|339,203|,35
16|339,363|,20
16|339,219|,27
16|339,339|16.339,82
16|339,201|16,10
16|339,207|,19
16|339,204|,12
16|339,20|16,11
273|,83|,33
169|,83|,18
234|221,84|,12
220|214,22|,11
180|,159|,24
180|,22|,13
180|,220|,24
180|,23|,26
180|,83|,29
180|,341|180,89
180|,153|,10
180|,368|,12
180|,216|,46
180|,181|,36
180|,209|,20
180|,193|,14
180|,211|,47
180|,366|,24
180|,190|,16
180|,365|,17
180|,191|,17
180|,158|,52
180|,221|,15
180|,196|,44
180|,84|,14
180|,222|,72
180|,163|,13
180|,234|,14
180|,210|,26
180|,363|,13
180|,342|,28
180|,212|,24
180|,340|,70
180|,214|,22
180|,375|,22
180|,217|,44
180|,205|,11
180|,21|,12
180|,215|180,104
180|,178|,35
83|22,234|83,10
208|207,23|,48
208|207,219|,35
208|207,22|,43
208|207,83|,15
208|207,210|208.207,91
208|207,218|,129
208|207,341|,16
208|207,205|,132
208|207,202|,10
208|207,209|,285
208|207,16|,22
208|207,222|208,16
208|207,365|,45
208|207,212|208,13
208|207,366|,33
208|207,221|,12
208|207,197|,13
208|207,211|,25
208|207,234|,12
208|207,203|,122
208|207,220|208,16
208|207,216|208,13
208|207,363|,166
208|207,342|,119
208|207,207|,428
208|207,19|,42
208|207,206|,11
208|207,340|,13
208|207,214|,13
208|207,368|,43
208|207,204|,35
208|207,339|,95
208|207,21|,317
208|207,20|,616
208|207,217|,79
199|208,219|,16
84|342,363|,29
84|342,21|,16
84|342,234|,64
84|342,20|,10
212|214,23|,11
212|214,220|,13
222|,299|,17
222|,22|,235
222|,212|,260
222|,369|,10
222|,375|222,56
222|,218|,37
222|,208|,120
222|,181|,22
222|,206|,23
222|,191|,33
222|,158|,46
222|,221|,958
222|,84|222,104
222|,156|,10
222|,223|,11
222|,210|,481
222|,363|,357
222|,342|,583
222|,160|,26
222|,207|,68
222|,365|,277
222|,340|,446
222|,214|,470
222|,358|,18
222|,204|,111
222|,21|,500
222|,216|,491
222|,23|,277
222|,83|,98
222|,159|,29
222|,25|,23
222|,219|,14
222|,371|,25
222|,153|,20
222|,368|,249
222|,339|,103
222|,211|,580
222|,209|,382
222|,16|,14
222|,180|,40
222|,190|,11
222|,220|,204
222|,366|,304
222|,196|,390
222|,152|,14
222|,163|,17
222|,162|,16
222|,203|,79
222|,234|222,104
222|,367|222,68
222|,213|,195
222|,341|,1099
222|,19|,12
222|,215|,263
222|,364|,14
222|,192|,18
222|,217|,721
222|,205|,172
222|,164|,55
222|,278|,19
222|,202|,22
222|,20|,227
222|,178|,11
211|368,22|,33
211|368,368|,81
211|368,205|,13
211|368,209|,25
211|368,220|,35
211|368,366|,17
211|368,221|,16
211|368,222|,18
211|368,210|,28
211|368,363|,14
211|368,342|,74
211|368,212|,36
211|368,341|,30
211|368,215|,13
211|368,340|,54
211|368,214|,26
211|368,217|,146
211|368,216|,42
211|368,23|211.368,96
211|368,21|,37
211|368,20|,15
83|21,210|,18
83|21,363|,21
83|21,342|,21
83|21,365|,17
83|21,339|,10
83|21,209|,15
83|21,84|83,29
83|21,205|,15
83|21,234|83,49
83|21,21|,32
83|21,366|,10
83|21,20|,18
220|234,22|,10
360|,202|,15
360|,16|,17
360|,339|,14
360|,219|,10
360|,201|,13
360|,218|,10
360|,204|,10
213|,23|,154
213|,342|213,84
213|,22|,62
213|,212|,356
213|,21|,35
213|,83|,17
213|,368|,57
213|,341|,44
213|,208|,12
213|,372|,18
213|,209|,34
213|,210|213,48
213|,365|,39
213|,220|,138
213|,191|,17
213|,366|,84
213|,221|,32
213|,217|,78
213|,222|,248
213|,211|213,148
213|,363|,52
213|,371|,14
213|,207|,12
213|,215|,52
213|,340|,615
213|,205|,21
213|,214|,11
213|,192|,19
213|,204|,14
213|,339|,15
213|,196|213,162
213|,216|,36
213|,20|,20
213|,367|,23
232|,84|,29
232|,83|,28
232|,234|,45
204|365,202|,18
204|365,22|,11
204|365,210|,19
204|365,203|,67
204|365,363|204.365,76
204|365,342|,22
204|365,339|,91
204|365,365|,43
204|365,212|204,10
204|365,205|,90
204|365,366|,19
204|365,21|,29
204|365,20|,14
212|204,23|,11
261|,83|,11
220|363.203,368|,10
208|216,20|,25
25|83,83|,35
234|217,84|,17
83|84,209|,10
83|84,84|83,16
83|84,210|,12
83|84,363|,10
83|84,342|,11
83|84,21|,14
83|84,20|,10
202|21,205|,14
202|21,339|,22
202|21,365|,10
210|206,342|,14
367|209,212|,12
196|366,340|,12
234|22,84|,14
234|22,363|,16
84|339,234|,16
278|84,84|278,24
278|84,233|278,18
84|205,21|,12
84|205,234|,13
342|213,209|,13
342|213,20|,10
84|208,234|,11
83|23,84|83,10
233|278,205|,19
233|278,363|,22
340|339,211|,10
214|212,217|,14
84|20,83|84,19
84|20,234|,49
84|20,210|,10
84|20,205|,10
84|20,363|,20
84|20,21|,18
340|190,212|,10
191|363,340|,10
211|203,363|,10
211|203,217|,26
211|203,23|,17
368|234,342|,11
363|223,205|,12
234|204,84|,13
234|204,363|,14
252|,83|,31
252|,234|,10
22|84,342|,18
22|84,210|,13
202|,23|,29
202|,219|,51
202|,22|,36
202|,220|,31
202|,201|,40
202|,83|,29
202|,218|,170
202|,210|202,103
202|,208|,102
202|,209|,74
202|,16|,170
202|,17|,12
202|,199|,21
202|,365|,99
202|,366|,45
202|,213|,13
202|,84|,31
202|,222|,20
202|,197|,10
202|,211|,17
202|,234|,17
202|,203|,371
202|,19|202,78
202|,363|,283
202|,212|,35
202|,206|,14
202|,340|,18
202|,205|,291
202|,207|,153
202|,368|,37
202|,204|,255
202|,200|,26
202|,339|,948
202|,21|,164
202|,342|202,81
202|,20|,129
202|,217|,28
234|222,84|,16
234|222,363|,10
83|342,84|83,18
83|342,366|,14
83|342,363|,17
83|342,342|,11
83|342,21|,14
83|342,234|83,27
83|342,20|,19
195|,341|,10
191|340,340|,25
191|340,211|191,10
191|340,25|191,16
160|,220|,11
160|,23|,20
160|,83|,18
160|,159|160,77
160|,216|,27
160|,181|,35
160|,209|,17
160|,180|,29
160|,366|,16
160|,365|,15
160|,158|,74
160|,221|,11
160|,196|,13
160|,84|,11
160|,222|,63
160|,211|,21
160|,234|,15
160|,210|,13
160|,162|,22
160|,363|,13
160|,342|,15
160|,212|,16
160|,341|,68
160|,215|,37
160|,340|,37
160|,205|,19
160|,214|,13
160|,375|,23
160|,217|,26
160|,164|,19
160|,21|,18
84|21,83|84,33
84|21,210|,21
84|21,363|,37
84|21,342|,11
84|21,365|,18
84|21,209|,11
84|21,234|84.21,153
84|21,20|,17
84|21,21|,39
84|21,222|84,12
358|234,210|,10
221|,339|,41
221|,299|,11
221|,340|221,115
221|,83|,70
221|,218|,29
221|,208|,100
221|,206|,15
221|,158|,17
221|,202|,10
221|,210|,250
221|,363|,183
221|,342|,410
221|,214|,863
221|,22|221,117
221|,204|,32
221|,84|221,70
221|,375|,12
221|,21|,330
221|,216|,265
221|,367|,14
221|,23|,177
221|,25|,13
221|,219|,13
221|,368|,183
221|,205|,65
221|,234|221,49
221|,209|,315
221|,180|,11
221|,196|,61
221|,222|,942
221|,211|,339
221|,365|221,125
221|,203|,31
221|,213|,28
221|,220|221,66
221|,341|,473
221|,215|,92
221|,212|221,63
221|,207|,49
221|,217|,736
221|,366|,129
221|,20|,153
22|221,342|,22
22|221,210|,20
23|207,363|,10
375|,23|,20
375|,22|,16
375|,25|,15
375|,160|,10
375|,21|,16
375|,83|,12
375|,368|,18
375|,341|375,109
375|,366|,12
375|,181|,10
375|,180|,15
375|,365|,11
375|,212|,18
375|,191|,23
375|,158|,27
375|,221|,19
375|,196|,25
375|,159|,15
375|,211|,41
375|,162|,10
375|,210|,26
375|,213|,16
375|,342|,22
375|,222|375,102
375|,371|,20
375|,215|,44
375|,340|,47
375|,153|,16
375|,192|,14
375|,217|,28
375|,363|,18
375|,216|,29
375|,164|,15
375|,20|,12
375|,178|,12
213|22,340|,27
21|,238|,17
21|,160|,11
21|,369|,82
21|,218|,460
21|,208|,2238
21|,181|,23
21|,199|,67
21|,215|21,179
21|,221|,306
21|,197|,58
21|,156|,10
21|,162|,16
21|,233|,60
21|,225|,22
21|,278|,42
21|,365|,1510
21|,340|,348
21|,214|,245
21|,204|,612
21|,229|,13
21|,200|21,48
21|,23|,785
21|,216|,320
21|,163|,16
21|,209|,3663
21|,180|,27
21|,190|,24
21|,241|,14
21|,222|,608
21|,83|21,520
21|,157|,16
21|,213|,82
21|,201|,62
21|,226|,16
21|,19|,400
21|,113|,18
21|,364|,51
21|,217|,1403
21|,370|,10
21|,205|,1723
21|,202|21,140
21|,178|,16
21|,368|21,961
21|,339|,1049
21|,299|,97
21|,22|,1262
21|,198|,12
21|,358|21,69
21|,26|,30
21|,191|,32
21|,158|,56
21|,196|21,93
21|,223|,70
21|,266|,21
21|,342|,4822
21|,212|,360
21|,153|,20
21|,84|21,554
21|,206|,79
21|,367|,66
21|,375|,26
21|,25|,41
21|,219|,177
21|,192|,25
21|,16|,103
21|,220|,488
21|,159|,23
21|,211|,663
21|,234|,555
21|,210|,4329
21|,203|,1491
21|,224|,26
21|,155|,17
21|,341|,287
21|,207|,1315
21|,143|,40
21|,363|,3002
21|,366|,1037
21|,164|,40
21|,20|,5130
215|363,216|,13
212|205,340|,19
212|205,23|,18
212|205,211|,12
212|205,220|,26
19|16,21|,15
239|,83|,13
215|20,216|,14
215|20,211|,10
234|339,84|,12
210|208.207,365|,10
205|216,21|,12
205|216,203|,12
192|,23|,45
192|,22|,15
192|,220|,22
192|,25|,62
192|,212|,73
192|,21|,15
192|,83|,26
192|,368|,13
192|,340|192,232
192|,366|,21
192|,211|,46
192|,190|,19
192|,365|,10
192|,191|,184
192|,196|,26
192|,84|,28
192|,222|,14
192|,156|,14
192|,234|,17
192|,157|,21
192|,210|,11
192|,363|,16
192|,342|,26
192|,155|,17
192|,341|,12
192|,215|,34
192|,217|,28
192|,213|,61
192|,216|,25
192|,178|,12
192|,143|,17
368|,299|,15
368|,199|,40
368|,364|,19
368|,155|,26
368|,278|,17
368|,369|,11
368|,218|,92
368|,208|,287
368|,181|,22
368|,22|,1401
368|,206|,20
368|,191|,37
368|,158|,33
368|,221|,223
368|,204|,133
368|,197|,19
368|,156|,15
368|,223|,16
368|,162|,13
368|,233|,17
368|,213|368,82
368|,200|,18
368|,342|,2809
368|,212|,409
368|,207|,220
368|,365|,313
368|,340|,397
368|,214|,280
368|,358|,15
368|,339|,158
368|,21|,1026
368|,216|,290
368|,143|,24
368|,23|,1748
368|,83|,92
368|,159|,19
368|,25|,39
368|,219|,26
368|,164|,35
368|,209|,1273
368|,16|,29
368|,215|368,108
368|,375|,20
368|,190|,18
368|,220|,672
368|,367|368,78
368|,366|,450
368|,210|,1208
368|,196|,62
368|,222|,256
368|,211|368,981
368|,163|,18
368|,234|,64
368|,157|,13
368|,203|,179
368|,160|,14
368|,84|368,94
368|,201|,17
368|,341|,261
368|,19|,48
368|,205|,297
368|,153|,21
368|,192|,24
368|,217|,2400
368|,363|,494
368|,151|,10
368|,202|,40
368|,20|,545
368|,178|,14
233|83,83|,10
16|83,339|,12
182|,340|,24
182|,153|,14
182|,181|,11
182|,180|,14
182|,211|,14
182|,83|,31
182|,163|,13
182|,341|,10
182|,196|,11
182|,215|,23
210|196,21|,16
187|,340|,12
187|,215|,10
159|,23|,21
159|,22|,12
159|,25|,11
159|,212|,14
159|,83|,27
159|,153|,19
159|,368|,13
159|,216|,34
159|,181|,33
159|,209|,12
159|,180|,22
159|,211|,23
159|,366|,12
159|,158|159,104
159|,220|,17
159|,221|,13
159|,196|,21
159|,84|,16
159|,222|,52
159|,163|,10
159|,234|,15
159|,210|,23
159|,162|,10
159|,363|,17
159|,342|,17
159|,160|,28
159|,341|,88
159|,215|,51
159|,340|,31
159|,214|,16
159|,375|,44
159|,217|,25
159|,164|,31
159|,21|,14
372|,340|,13
372|,222|,34
372|,375|,18
372|,213|,12
372|,196|,10
372|,212|,15
372|,341|,17
372|,215|,10
220|84,366|,13
83|204,234|83,10
224|,84|,58
224|,83|,34
224|,223|,12
224|,210|,19
224|,203|,10
224|,233|,12
224|,363|,69
224|,342|,11
224|,369|,43
224|,278|,15
224|,21|,10
224|,365|,16
224|,340|,15
224|,366|,10
224|,358|,10
224|,204|,11
224|,205|,16
224|,234|,39
224|,212|,11
224|,225|,15
224|,226|,22
341|,299|,14
341|,22|,175
341|,371|,14
341|,83|,58
341|,218|,30
341|,208|,67
341|,181|,23
341|,234|341,40
341|,365|341,100
341|,191|,23
341|,158|,58
341|,221|,521
341|,202|,12
341|,210|,289
341|,363|,146
341|,342|,411
341|,212|,145
341|,153|,19
341|,340|,259
341|,214|,523
341|,204|,43
341|,339|,38
341|,21|,351
341|,216|,630
341|,367|,17
341|,23|,248
341|,159|,36
341|,25|,23
341|,160|,29
341|,368|,222
341|,164|,32
341|,163|,12
341|,209|,240
341|,16|,14
341|,180|,31
341|,375|,35
341|,190|,11
341|,220|,127
341|,366|,136
341|,196|,143
341|,84|,46
341|,222|,870
341|,211|,681
341|,162|,15
341|,203|,38
341|,143|,10
341|,213|,72
341|,19|,10
341|,215|,245
341|,207|,52
341|,192|,23
341|,217|,652
341|,205|,78
341|,20|,142
341|,178|,17
340|83,212|,10
215|,191|215,71
215|,160|,26
215|,83|,43
215|,218|,20
215|,208|,35
215|,181|,24
215|,221|215,57
215|,158|,27
215|,156|,11
215|,162|,12
215|,363|,116
215|,342|,281
215|,212|,193
215|,153|,29
215|,157|,17
215|,340|,396
215|,214|,84
215|,20|215,88
215|,204|,36
215|,339|,34
215|,21|,205
215|,216|,474
215|,367|,20
215|,23|,282
215|,366|215,109
215|,159|,11
215|,25|,47
215|,219|,12
215|,368|,149
215|,375|,24
215|,211|,486
215|,209|,165
215|,16|,10
215|,180|,13
215|,190|,34
215|,196|,160
215|,84|,25
215|,222|,223
215|,163|,24
215|,234|,25
215|,210|,186
215|,203|,27
215|,213|,44
215|,217|,409
215|,365|215,84
215|,155|,13
215|,341|,201
215|,22|215,143
215|,207|,31
215|,192|,44
215|,143|,11
215|,220|215,137
215|,205|,60
215|,164|,18
215|,178|,30
230|,83|,20
230|,234|,12
191|83,83|,10
163|83,83|,12
220|215,366|,18
220|215,21|,11
220|215,212|,11
263|,83|,23
234|363,84|,29
234|363,363|,26
234|363,21|,14
234|363,210|,12
190|83,83|,18
